id,text,label
0,‡≤ú‡≥à ‡≤Æ‡≥ã‡≤∞‡≤ø ‡≤ú‡≥à ‡≤∞‡≥ã‡≤ó‡≤ø ‡≤á‡≤∏‡≥ç‡≤≤‡≤æ‡≤Ç ‡≤∏‡≤æ‡≤Ø‡≤ø‡≤∏‡≤ø ‡≤á‡≤¶‡≥Ü ‡≤á‡≤µ‡≤∞ ‡≤ó‡≥Å‡≤∞‡≤ø,Not_offensive
1,Anna nim e vedio nodinu mathe chaina apps use madidre...nijakku avru maryade  swabhiman ildoru bharatha dalli irbardu ....antavrnella nimhange maryade thegibeku.....,Not_offensive
2,Super anna yenu thappila yela sari agi hellidira super,Not_offensive
3,Super sir super super super super,not-Kannada
4,AGT-KELU (KANNADA RAP 2019),Not_offensive
5,Kuladalli keelyavudo huchappa,not-Kannada
6,‡≤∂‡≥á‡≤ï‡≤° 100(%) ‡≤∞‡≤∑‡≥ç‡≤ü‡≥Å viruses na China ‡≤â‡≤§‡≥ç‡≤™‡≤®‡≥ç‡≤® ‡≤Æ‡≤æ‡≤°‡≥Å‡≤§‡≥ç‡≤§‡≥Ü.....,Not_offensive
7,Aagle tv li haaaktidaaralla guru.....,Not_offensive
8,Hindi video song .   Yavaga release,Not_offensive
9,@Nandi Parthasarathi ‡≤®‡≤ø ‡≤Æ‡≥Å‡≤Ç‡≤°‡≥Ü,not-Kannada
10,GOOD SONG . GREAT,Not_offensive
11,Saryagi rubbidira brother,Not_offensive
12,Looks like Rango Movie,Not_offensive
13,Pakka 100 days movie  edu.,Not_offensive
14,Waaa Super super Rakshit sir And ajaneesh lokanaath Anna Music super,Not_offensive
15,‡≤®‡≤ø‡≤Æ‡≥ç‡≤Æ ‡≤∏‡≥ç‡≤µ‡≤æ‡≤≠‡≤ø‡≤Æ‡≤æ‡≤®‡≤¶ ‡≤ú‡≥Ä‡≤µ‡≤®‡≤ï‡≥ç‡≤ï‡≥Ü Hats off,Not_offensive
16,After 10 pm,Not_offensive
17,enu tiktok use madorige mariyadi ela avru indian ne ala..,Not_offensive
18,Anusha Kumarswamy yes,Not_offensive
19,7 ‡≤ú‡≤®‡≥ç‡≤Æ ‡≤á‡≤¶‡≤ø‡≤Ø‡≤æ ‡≤Ü‡≤§‡≥ç‡≤µ‡≤æ ‡≤á‡≤≤‡≥ç‡≤µ‡≥ã |n,not-Kannada
20,28 M,Not_offensive
21,Innu enta avrige hege helbeku anna desha anta bandaga ellaru ki jodisbeku enta avrige nam deshada sinikaru prana kodbeka adike kendra sarkara ne  e tik  tok  ban madbeku,Not_offensive
22,Copy dub movie,not-Kannada
23,Anna nin super anna,Not_offensive
24,Sir raajakaranigala tappilla sir avru Mado plange Nam youths jaathi ad idu hodedaata maadi saaytiralla adu tappu sir yuvakaru sari idre hella sari iruthe politiciansge gothu sir naav Indians hege anta Nam Kachada buddi bittu Deshada bagge yochne madbeku WhatsApp university badlu skill improvement madodu nodbeku,Not_offensive
25,Which Language Ashwathama Speaks??  During Mahabharata period No Kannada,Not_offensive
26,‡≤ï‡≤æ‡≤≤‡≤Æ‡≤æ‡≤®‡≤ï‡≥ç‡≤ï‡≥Ü ‡≤§‡≤ï‡≥ç‡≤ï‡≤Ç‡≤§‡≥Ü ‡≤ú‡≥Ä‡≤µ‡≤ø‡≤ó‡≤≥ ‡≤ú‡≥Ä‡≤µ‡≤ø‡≤§‡≤æ‡≤µ‡≤ß‡≤ø ‡≤ï‡≥Ç‡≤° ‡≤¨‡≤¶‡≤≤‡≤æ‡≤ó‡≥Å‡≤§‡≥ç‡≤§‡≤¶‡≥Ü,Not_offensive
27,Yeno got agatilla innu kelebeku annastaide idu song bejare agatilla. Love you avane srimannarayana movie all the best,Not_offensive
28,Re release madi please,Not_offensive
29,@≈î√§v√Æ√±ƒë≈ï√•_02_G√∏Wƒë≈ô√∫ ‡≤≤‡≥ã boss fan agi ‡≤Ø‡≤æ‡≤ï‡≥ã ‡≤®‡≥Ü‡≤ó‡≥Ü‡≤ü‡≤ø‡≤µ‡≥ç cmt hakiya loude,Not_offensive
30,Hands up ka Hindi version bhi upload krdo yrr plzz,Not_offensive
31,Bro neenu Heludhu Sarine,Not_offensive
32,Super movie 100 days,Not_offensive
33,@Sharath T Lo comment maadbeku anstu maaddhe Telugu commenta nange Telugu baralla...idhu Kannada song marre,Not_offensive
34,Yen chindhi Anna neenu ü§£ü§£ü§£ü§£ü§£ü§£ü§£,Not_offensive
35,Kathe heldene nilsbitri,Not_offensive
36,Super song in sandalwood,Not_offensive
37,ningyak like madbeko,not-Kannada
38,@Manjunath shetty next month bengluru barta idini sigona ...bro....,Not_offensive
39,Bro ‡≤®‡≥Ä‡≤µ‡≥Å ‡≤Ø‡≤æ‡≤µ ‡≤ó‡≥á‡≤Æ‡≥ç  ‡≤Ö‡≤°‡≥ç‡≤§ ‡≤á‡≤∞‡≥ã‡≤¶‡≥Å,Not_offensive
40,@shiva prakash lol jmlmlnnnn.,Not_offensive
41,‡≤°‡≤ø ‡≤¨‡≤æ‡≤∏‡≥ç ‡≤Ö‡≤≠‡≤ø‡≤Æ‡≤æ‡≤®‡≤ø‡≤ó‡≤≥‡≤ø‡≤Ç‡≤¶ All the best,Not_offensive
42,@prithvi nayak ‡≤ö‡≤™‡≥ç‡≤™‡≤∞‡≥ç ‡≤¨‡≥ã‡≤≥‡≤ø‡≤Æ‡≤ï‡≥ç‡≤≥.. ‡≤≤‡≥Å‡≤ö‡≥ç‡≤õ‡≤®‡≥ç ‡≤´‡≥ç‡≤Ø‡≤æ‡≤®‡≥ç‡≤∏‡≥ç ‡≤¨‡≥Å‡≤¶‡≥ç‡≤¶‡≤ø ‡≤é‡≤≤‡≥ç‡≤≤‡≤ø‡≤ó‡≥Ü ‡≤π‡≥ã‡≤ó‡≥Å‡≤§‡≥ç‡≤§‡≥Ü ‡≤é‡≤≤‡≥ç‡≤≤‡≤ø ‡≤π‡≥ã‡≤¶‡≥ç‡≤∞‡≥Å ‡≤¨‡≤∞‡≤ø ‡≤â‡≤∞‡≥ç‡≤ï‡≥ã‡≤≥‡≥ç‡≤≥‡≥ã‡≤¶‡≥á ‡≤Ü‡≤Ø‡≥ç‡≤§‡≥Å ‡≤®‡≤ø‡≤Æ‡≥ç‡≤Æ ‡≤ú‡≤®‡≥ç‡≤Æ‡≤ï‡≥ç‡≤ï‡≥Ü.. ‡≤®‡≤ø‡≤Æ‡≥ç‡≤Æ ‡≤≤‡≥Å‡≤ö‡≤®‡≥ç‡≤ó‡≥Ü ‡≤π‡≥á‡≤≥‡≥ç‡≤¶‡≥ç‡≤∞‡≥ã ‡≤í‡≤Ç‡≤¶‡≤æ‡≤¶‡≥ç‡≤∞‡≥Å ‡≤π‡≤ø‡≤ü‡≥ç ‡≤∏‡≥Ä‡≤∞‡≤ø‡≤Ø‡≤≤‡≥ç ‡≤ï‡≥ä‡≤°‡≥Å ‡≤Ö‡≤Ç‡≤§‡≤æ ‡≤™‡≥à‡≤≤‡≥ç‡≤µ‡≤æ‡≤®‡≥ç ‡≤∏‡≥Ä‡≤∞‡≤ø‡≤Ø‡≤≤‡≥ç ‡≤Ü‡≤≤‡≥ç‡≤∏‡≥ã ‡≤´‡≥ç‡≤≤‡≤æ‡≤™‡≥ç,Not_offensive
43,#AvaneSrimannarayana #HandsUp song last alli fork esiyodu sanvi anustte,Not_offensive
44,@Vishal Shetty neenu beedhi soole maga antha gotthu bidu.... hogi beedhili nintko....ü§£,Offensive_Targeted_Insult_Individual
45,Good song nPakka hit agutha,Not_offensive
46,‡≤á‡≤¶‡≥Å ‡≤ö‡≤∞‡≤ø‡≤§‡≥ç‡≤∞‡≥Ü ‡≤∏‡≥É‡≤∑‡≥ç‡≤ü‡≤ø‡≤∏‡≥ã ‡≤Ö‡≤µ‡≤§‡≤æ‡≤∞,Not_offensive
47,super... bari kalaberake bashe keli keli sustagittu adakke ee video swaccha sundara basheya balake agirodrinda ishtavaytu..,Not_offensive
48,First time movie nodoru taleli uoohe screenply ittukondu nodbedi freedomagi nodi movie superagide kanndada hosatana adduriyagi kanutte guru movi superrrrrr,Not_offensive
49,100 million agbeku,Not_offensive
50,supper song good bless,Not_offensive
51,‡≤π‡≥å‡≤¶‡≥Å ‡≤π‡≥Å‡≤≤‡≤ø‡≤Ø‡≤æ ‡≤π‡≥ç‡≤Ø‡≤æ‡≤Ç‡≤°‡≥ç‡≤∏‡≥ç ‡≤Ö‡≤™‡≥ç,Not_offensive
52,Superb movie ‡≤∞‡≤ï‡≥ç‡≤∑‡≤ø‡≤§‡≥ç Sir,not-Kannada
53,‡ÆÆ‡Æø‡Æï ‡ÆÖ‡Æ∞‡ØÅ‡ÆÆ‡Øà‡ÆØ‡Ææ‡Æ© ‡Æ™‡Ææ‡Æü‡Æ≤‡Øç. ‡Æá‡Æö‡Øà‡ÆØ‡ØÅ‡ÆÆ‡Øç ‡ÆÆ‡Æø‡Æï ‡ÆÖ‡Æ∞‡ØÅ‡ÆÆ‡Øà.‡Æµ‡Ææ‡Æ¥‡Øç‡Æ§‡Øç‡Æ§‡ØÅ‡Æï‡Øç‡Æï‡Æ≥‡Øç ‡Æá‡Æ∞‡Æï‡Øç‡Æ∑‡Øç‡Æ§‡Øç ‡Æ∑‡ØÜ‡Æü‡Øç‡Æü‡Æø.,not-Kannada
54,‡≤ú‡≥à ‡≤°‡≤ø ‡≤¨‡≤æ‡≤∏‡≥ç ‡≤´‡≥ç‡≤Ø‡≤æ‡≤®‡≥ç ‡≤™‡≥ç‡≤≤‡≥Ä‡≤∏‡≥ç ‡≤∏‡≤™‡≥ã‡≤ü ‡≤Æ‡≤æ‡≤°‡≤ø..,Not_offensive
55,Arjun reddy kannadadalli remake aadre prajwal devraj suit aagthaare annoru like maadi,Not_offensive
56,Bgm is good,Not_offensive
57,E trailer nodtidre eno ontaraa feel agutte but e movie ENA ide annodu ...  Tilibekide,Not_offensive
58,Buety.. Guru..,Not_offensive
59,Hi Dia Team,Not_offensive
60,Divakar gee saryag ugdidhiraa.. ü§£ü§£lob u broo,Not_offensive
61,Mind blowing bgm,Not_offensive
62,Super song guru..,Not_offensive
63,Prithvi amber u r superb acter,Offensive_Targeted_Insult_Individual
64,Chinndi guru ennu roast madu,Not_offensive
65,togar I tippana super,not-Kannada
66,@Nandi Parthasarathi hogo gaandu.. Hengsr hesr itkondidiyallo chakka.,not-Kannada
67,Chindi BRO,Not_offensive
68,‡≤é‡≤≤‡≥ç‡≤≤‡≤∞‡≥Ç ‡≤®‡≤æ‡≤≥‡≥Ü ‡≤Ö‡≤µ‡≤® ‡≤¶‡≤∞‡≥ç‡≤∂‡≤®‡≤ï‡≥ç‡≤ï‡≥Ü ‡≤ï‡≤æ‡≤Ø‡≥Å‡≤§‡≤ø‡≤¶‡≥ç‡≤¶‡≤æ‡≤∞‡≥Ü ‡≤Ø‡≤æ‡≤∞‡≤µ‡≤®‡≥Å???n‡≤Ö‡≤µ‡≤®‡≥á ‡≤∂‡≥ç‡≤∞‡≤ø‡≤Æ‡≤®‡≥ç‡≤®‡≤æ‡≤∞‡≤æ‡≤Ø‡≤£n‡≤®‡≤æ‡≤≥‡≥á‡≤®‡≥á ‡≤Ö‡≤µ‡≤® ‡≤¶‡≤∞‡≥ç‡≤∂‡≤® ‡≤Ø‡≤æ‡≤∞‡≥ç‡≤Ø‡≤æ‡≤∞‡≥Å ‡≤™‡≤°‡≥Ü‡≤Ø‡≥Å‡≤µ‡≤ø‡≤∞‡≤ø,not-Kannada
69,Chindi guru... tik tok ban agi yar thika urkoltha avree avru hogi Indian army mathe Modhiji naa keli..! Lowda antha tik tok li questions madodala..!!!,Offensive_Targeted_Insult_Group
70,Prajwal  bro  nivu   come  back  agbeku   .....   nivu  pakka   gede  gelthira,Not_offensive
71,Finally sonu gowda b day dhinane tiktok ban aythu,Not_offensive
72,@Nandi Parthasarathi ‡≤®‡≤ø ‡≤π‡≤æ‡≤¶‡≤∞‡≤ó‡≤ø‡≤§‡≥ç‡≤§‡≤ø,not-Kannada
73,‡≤¨‡≤¶‡≥Å‡≤ï‡≤ø‡≤® ‡≤µ‡≥à‡≤ö‡≤ø‡≤§‡≥ç‡≤Ø‡≥ç‡≤∞ ‡≤Æ‡≤§‡≥ç‡≤§‡≥Å  ‡≤¶‡≥Å‡≤∞‡≤Ç‡≤§‡≤ó‡≤≥‡≤≤‡≤ø ‡≤ó‡≤≥‡≤≤‡≤ø ‡≤á‡≤¶‡≥Ç ‡≤ì‡≤Ç‡≤¶‡≥Å...‡≤ö‡≥Ü‡≤®‡≥ç‡≤®‡≤ø‡≤ó‡≤ø‡≤∞‡≤ø ‡≤∂‡≤Ç‡≤ï‡≥ç‡≤∞‡≤£‡≥ç‡≤£,Not_offensive
74,Sariyaaagi bydidira... Actually Olle Olle kelsa madidare app ban maadi.. I hate tik tok,Not_offensive
75,Wish you happy life,not-Kannada
76,Yak jana barthilla andre sir yaro loffer nanna maklu YouTube Facebook yella kadenu movie na akidare yellaru elle nodtare heg bartare heli,Not_offensive
77,Jay Hind Jay Karnataka Mathe,Not_offensive
78,Priya Goudar,not-Kannada
79,Love from karnataka,Not_offensive
80,@tej bangalore yavano ninu le,Offensive_Targeted_Insult_Individual
81,super sir,not-Kannada
82,Super Guru entha troll Guru Ninangodu Salam Guru,Not_offensive
83,super guru yellidde guru,Not_offensive
84,Idu charitre shrutiso avataran#ASN,Not_offensive
85,Fan war shuru madbeda guru,Not_offensive
86,Love from hyderabad,Not_offensive
87,What does sanvi mean,Not_offensive
88,Guru nam indiadalli,Not_offensive
89,‡≤ï‡≤Ç‡≤ï‡≤£ ‡≤∏‡≥Ç‡≤∞‡≥ç‡≤Ø‡≤ó‡≥ç‡≤∞‡≤π‡≤£‡≤¶ ‡≤∏‡≤Æ‡≤Ø‡≤¶‡≤≤‡≥ç‡≤≤‡≤ø ‡≤Ø‡≤æ‡≤∞‡≥Å ‡≤Ø‡≤æ‡≤∞‡≥Å ‡≤à ‡≤∏‡≤Ç‡≤ó‡≥Ä‡≤§‡≤µ‡≤®‡≥ç‡≤®‡≥Å ‡≤ï‡≥á‡≤≥‡≥Å‡≤§‡≥ç‡≤§‡≤ø‡≤∞‡≥Å‡≤µ‡≤¶‡≥Å.. ‡≤á‡≤∑‡≥ç‡≤ü ‡≤Æ‡≤æ‡≤°‡≤ø,Not_offensive
90,Super bro ninu,Not_offensive
91,@Raghul yes. In amazon prime video,Not_offensive
92,@Creative Kannadiga haa bro...nange seetara ista ...avl videos roast maadbedi plzzz,Not_offensive
93,I like this,Not_offensive
94,Super song guru,Not_offensive
95,nim taste gottaythu.. nthaavu dandupalya-5 ge wait maadta idiri alva,Not_offensive
96,Super,not-Kannada
97,@jagadish g dambal the,Not_offensive
98,Superb bro uninstalled all Chinese apps all plzzzz,not-Kannada
99,Super..... Hands up....,Not_offensive
100,DAGAR IN BAR nAFTER RAKSHIT  HITnn,Not_offensive
101,‡≤®‡≤æ‡≤®‡≥Å ‡≤∏‡≤£‡≥ç‡≤£‡≤æ‡≤µ‡≤ø‡≤¶‡≥ç‡≤ß‡≤æ‡≤ó ‡≤®‡≤Æ‡≥ç‡≤Æ ‡≤Ö‡≤ú‡≥ç‡≤ú,Not_offensive
102,‡≤Æ‡≥Ç‡≤¢ ‡≤®‡≤Ç‡≤¨‡≤ø‡≤ï‡≥Ü ‡≤á‡≤∞‡≥Å‡≤µ‡≤µ‡≤∞‡≥Ü‡≤ó‡≥Ç ‡≤®‡≤Æ‡≥ç‡≤Æ ‡≤¶‡≥á‡≤∂ ‡≤â‡≤¶‡≥ç‡≤¶‡≤æ‡≤∞ ‡≤π‡≤æ‡≤ó‡≤≤‡≥ç‡≤≤,not-Kannada
103,Og avn tunne unnu first,Not_offensive
104,‡≤®‡≤æ‡≤®‡≥Å ‡≥®‡≥´ ‡≤µ‡≤∞‡≥ç‡≤∂‡≤¶ ‡≤π‡≤ø‡≤Ç‡≤¶‡≥Ü ‡≤ï‡≥á‡≤≥‡≤ø‡≤¶‡≥Ü ‡≤¨‡≤π‡≤≥ ‡≤ö‡≥Ü‡≤®‡≥ç‡≤®‡≤æ‡≤ó‡≤ø‡≤¶‡≥Ü,Not_offensive
105,Super annna neevu,not-Kannada
106,NANGOOO KOODA...ü§©nNAN UTUBE NALLI NODIDE...,Not_offensive
107,Basanni baa  kannada movi,Not_offensive
108,‡≤°‡≤ø‡≤¨‡≤æ‡≤∏‡≥ç ‡≤≠‡≤ï‡≥ç‡≤§‡≤∞ ‡≤ï‡≤°‡≥Ü‡≤Ø‡≤ø‡≤Ç‡≤¶   ‡≤∂‡≥Å‡≤≠‡≤æ‡≤∂‡≤Ø‡≤ó‡≤≥‡≥Å,Not_offensive
109,Thukaram gud luck,Not_offensive
110,#Rakshithshetty film pakka 200 days,Not_offensive
111,Sathyavaada maathanna nudidri sir Bhagavanthana bagge  Bhagavanthana neevu kondadidri andre neevu saamaanya vyakthiyalla entha olle maathanna nijavaada obba jnaniyu nudithane  aadre neevu nudididdira Andre I r so grate Bhagavantha nimmanna chennagittirli edthare anno nambike ede thanku sirji,Not_offensive
112,super sir ....,not-Kannada
113,great hattsoff sir tandege takka maga,Not_offensive
114,‡≤®‡≥Ä‡≤µ‡≥Å bigg boss ‡≤ó‡≥Ü ‡≤π‡≥ã‡≤ó‡≤ø ‡≤∏‡≤∞‡≥ç ‡≤ó‡≥Ü‡≤≤‡≥ç‡≤≤‡≤¨‡≤π‡≥Å‡≤¶‡≥Å ‡≤®‡≥Ä‡≤µ‡≥á ü•∫ü§æ,not-Kannada
115,@Nandi Parthasarathi ‡≤®‡≤ø‡≤Æ‡≥ç‡≤Æ ‡≤Ö‡≤ï‡≥ç‡≤ï‡≥Å‡≤®‡≥ç ‡≤§‡≥Å‡≤≤‡≥ç‡≤≤‡≥Å,Not_offensive
116,RSS avaru thumba danger. Avara bhagge ondu episode maadi sir,Not_offensive
117,Who else remembered rango???,Not_offensive
118,@Arun Jaanu nimma Amman tulla sulemagane bacha nan maga avanu,Offensive_Targeted_Insult_Individual
119,Super sir..,not-Kannada
120,‡≤é‡≤®‡≥ç ‡≤≤‡≤ø‡≤∞‡≤ø‡≤ï‡≥ç‡≤∏‡≥ç ‡≤¨‡≤æ‡≤∞‡≤ø‡≤∏‡≤ø‡≤¶‡≥ç‡≤¶‡≤æ‡≤∞‡≥Ü ‡≤ó‡≥Å‡≤∞‡≥Å ‡≤ö‡≤ø‡≤Ç‡≤¶‡≤ø,Not_offensive
121,Nanu kuda ashwattamananna nodidini,Not_offensive
122,@basavana gouda what,not-Kannada
123,amazing  ü§ü,not-Kannada
124,Wow  Super agi helidira sir,Not_offensive
125,Yes sang ok sang,Not_offensive
126,‡≤é‡≤≤‡≥ç‡≤≤‡≤ø‡≤Ç‡≤¶‡≤®‡≥ã ‡≤ï‡≤¶‡≥ç‡≤¶‡≤ø‡≤∞‡≥ã ‡≤π‡≤æ‡≤ó‡≤ø‡≤¶‡≥Ü...ü§îü§î,not-Kannada
127,Sir e Corona effect mugidmele rerelease maadakaagalva,Not_offensive
128,Super nInthaha suspense thriller movies beku namma kannada film industry ge nJAI Hindh JAI Karnataka,Not_offensive
129,Super comment guru,Not_offensive
130,Ravi Kumar Naidu Ravi Naidu hu,Not_offensive
131,@VARAPRASAD K K Darshan sir fan agi ist local agi mathadada,Not_offensive
132,god bless you sir,Not_offensive
133,@Like a Phoenix hm avarige ade helbku kushi padli swalp,Not_offensive
134,WHO ARE RAKSHIT SHETTY FAN GIVE ME LIKE . RAKSHIT SHETTY SONG IS FULL OF FIRE .,Not_offensive
135,@Bhimrao Naik appu fans support all Kannada films,Not_offensive
136,Step ge fans agidivi annoru give like,Offensive_Targeted_Insult_Individual
137,Nin voice super anna continue instalgram rost rost,Not_offensive
138,Iddu benki,not-Kannada
139,Namma shetty hava shuru,Not_offensive
140,. Hindi Ali,Not_offensive
141,We won mr stark.....ü§£ü§£ü§£ü§£ü§£ü§£ü§£ü§£,Not_offensive
142,Song is lit,Not_offensive
143,Big star agbitte u,Not_offensive
144,Dagar boobs ogo boddide,Not_offensive
145,Nkn ‡≤®‡≤æ‡≤µ‡≥Å ‡≤ó‡≥ä‡≤§‡≥ç‡≤§‡≤≤‡≤æ ‡≤¨‡≤Ç‡≤¶‡≥ç‡≤∞‡≥Ü ‡≤®‡≤ø‡≤®‡≥ç ‡≤§‡≥Å‡≤≤‡≥ç‡≤≤‡≤∞‡≥Ü ‡≤ï‡≥ä‡≤°‡≥ç‡≤§‡≥Ä‡≤µ‡≤ø..,Offensive_Targeted_Insult_Individual
146,Edu charitre srustiso song guru,Not_offensive
147,Super songu guru,Not_offensive
148,Tiktok Ban Madi olle kelsa Madi edare,Not_offensive
149,‡≤®‡≤Æ‡≥ç‡≤Æ ‡≤π‡≥Ä‡≤∞‡≥ã variety attitude king,not-Kannada
150,dboss true fans like here,Not_offensive
151,Yaw game guru edhu,Not_offensive
152,‡≤¨‡≥Ü‡≤Ç‡≤ï‡≤ø ‡≤ó‡≥Å‡≤∞‡≥Å ‡≤∏‡≥Ç‡≤™‡≤∞‡≥ç,Not_offensive
153,Bro hubli Mandi voice nallu madi chennagiruthe,Not_offensive
154,Sampoorna kannadada hadu thumba channagide,Not_offensive
155,Inspired by RANADHEERA ? Looks like modern ravi Chandran .,Not_offensive
156,Jai Kiccha,not-Kannada
157,‡≤à ‡≤π‡≤æ‡≤°‡≤®‡≥ç‡≤®‡≥Å ‡≤™‡≤¶‡≥á ‡≤™‡≤¶‡≥á ‡≤ï‡≥á‡≤≥‡≥Å‡≤µ‡≤µ‡≤∞‡≥Å ‡≤π‡≤æ‡≤ó‡≥Ç ‡≤®‡≥ã‡≤°‡≥Å‡≤µ‡≤µ‡≤∞‡≥Å ‡≤Ø‡≤æ‡≤∞‡≤æ‡≤¶‡≤∞‡≥Ç ‡≤á‡≤¶‡≥ç‡≤¶‡≥Ä‡≤∞‡≤æ....,Not_offensive
158,‡≤µ‡≥Ä ‡≤µ‡≤æ‡≤Ç‡≤ü‡≥ç ‡≤§‡≤ø‡≤∏‡≥ç ‡≤Æ‡≥Ç‡≤µ‡≥Ä‡≤∏‡≥ç,not-Kannada
159,Anjali Devi  hiiii,Not_offensive
160,@Nandi Parthasarathi ‡≤≤‡≥Ü ‡≤®‡≥Ä‡≤®‡≥Å ‡≤í‡≤≥‡≥ç‡≤≥‡≥Ü‡≤Ö‡≤µ‡≥ç‡≤≥‡≥Å ‡≤Ü‡≤¶‡≥ç‡≤∞‡≥Ü ‡≤∏‡≥à‡≤°‡≥ç ‡≤ó‡≥á ‡≤á‡≤∞‡≥Å.... ‡≤Ö‡≤¶‡≥Å ‡≤¨‡≤ø‡≤ü‡≥ç‡≤ü‡≥Å ‡≤§‡≤ø‡≤ï‡≤æ ‡≤é‡≤≤‡≥ç‡≤≤‡≤æ ‡≤Æ‡≤æ‡≤§‡≤æ‡≤°‡≥ã‡≤ï‡≥Ü ‡≤¨‡≤Ç‡≤¶‡≥ç‡≤∞‡≥Ü... ‡≤ó‡≥ä‡≤§‡≥ç‡≤§‡≤≤‡≤æ,Not_offensive
161,pratham hel oda,not-Kannada
162,‡≤ï‡≤ø‡≤∞‡≤£‡≥ç ‡≤∂‡≤æ‡≤≤‡≤ø... ‡≤á‡≤≤‡≥ç‡≤≤‡≤ø ‡≤ï‡≥ä‡≤ü‡≥ç‡≤ü‡≤ø‡≤¶‡≥Ä‡≤®‡≤ø ‡≤®‡≥ã‡≤°‡≥Å ‡≤à ‡≤≤‡≤ø‡≤Ç‡≤ï‡≥ç  ‡≤ï‡≥ç‡≤≤‡≤ø‡≤ï‡≥ç ‡≤Æ‡≤æ‡≤°‡≥Å,Not_offensive
163,‡≤¨‡≤π‡≤≥ ‡≤ö‡≤®‡≥ç‡≤®‡≤æ‡≤ó‡≤ø ‡≤Æ‡≥Ç‡≤°‡≤ø ‡≤¨‡≤Ç‡≤¶‡≤¶‡≥ç‡≤¶,Not_offensive
164,@Ambrish Mallad nin Amman thullu sulemagne gaandu nayi sulemakla mucchkondiro,Not_offensive
165,Super song in Kannada,Not_offensive
166,Song super bro,Not_offensive
167,D boss fanzzz,Not_offensive
168,Game yavadu bro adu,Not_offensive
169,Found 806 rashmika mangannas....,Not_offensive
170,@shiva prakash en guru ninn problem uu,Not_offensive
171,Shaata  ivrnella borderg kalsbeku gotagutte,not-Kannada
172,2nd time yaar nodtha ideera,Not_offensive
173,Give a picture,Offensive_Targeted_Insult_Individual
174,Ramesh Snakannanavar nLAR,not-Kannada
175,‡¥Æ‡¥≤‡¥Ø‡¥æ‡¥≥‡¥ï‡µæ ‡¥â‡¥£‡µç‡¥ü‡µá‡µΩ ‡¥≤‡µà‡¥ï‡µç‚Äå ‡¥Ö‡¥ü‡¥ø‡¥ö‡µç‡¥ö‡¥ø‡¥ü‡µç‡¥ü‡µç ‡¥™‡µã‡¥ü‡µÜ,not-Kannada
176,Hands up kannadigaruü§ö,Not_offensive
177,‡≤∏‡≤∞‡≥ç ‡≤®‡≥Ä‡≤µ‡≥Å ‡≤Ø‡≤æ‡≤ï‡≥Ü automatic ‡≤ï‡≤æ‡≤∞‡≥ç ‡≤§‡≥ä‡≤ó‡≥ã‡≤¨‡≤æ‡≤∞‡≥ç‡≤¶‡≥Å,not-Kannada
178,Illi neevu aa hesaranna heLohagoo ilvalla.48 beka bitti thinno baayiglu ottigr barathve.modalu lancha hogbeku,Not_offensive
179,Avana Basha Yevadu,Not_offensive
180,@Nandi Parthasarathi ‡≤∑‡≤Ç‡≤°,Not_offensive
181,I am addicted malayalam version song nHands up to ajaneesh loknath and Malayalam singer,Not_offensive
182,Lucchan Tara para basheyavra thika nekkbardu ashte Alva guru,Not_offensive
183,E type movie na tamilali Vishal madidare mostly adara remake aadru aagirbahudu,Not_offensive
184,‡≤ï‡≥á‡≤≥‡≤ø ‡≤ï‡≤æ‡≤¶‡≤ø‡≤∞‡≥Å‡≤µ ‡≤¨‡≤æ‡≤Ç‡≤ß‡≤µ‡≤∞‡≥ánn‡≤≠‡≥Å‡≤µ‡≤ø‡≤Ø‡≤≤‡≥ç‡≤≤‡≤ø ‡≤Ö‡≤µ‡≤® ‡≤Ö‡≤∞‡≤ø‡≤§‡≤µ‡≤∞‡≥Ünn‡≤Ø‡≤æ‡≤∞‡≤ø‡≤≤‡≥ç‡≤≤ ‡≤¨‡≤ø‡≤°‡≤ø,not-Kannada
185,Yest Sala Nodidru Bejar Agalla,Not_offensive
186,Super  bro,not-Kannada
187,‡≤á‡≤¶‡≥Å‚Äå ‡≤ö‡≤∞‡≤ø‡≤§‡≥ç‡≤∞‡≥Ü ‡≤∏‡≥É‡≤∑‡≥ç‡≤ü‡≤ø‡≤∏‡≥ã ‡≤Ö‡≤µ‡≤§‡≤æ‡≤∞,Not_offensive
188,Super sir ü§£,not-Kannada
189,Yenu tappilla bidu bro pakka helidiya,Not_offensive
190,Sir dasara habbada shubashayagalu,not-Kannada
191,@SANGMESH NADVINMANI y bro,Not_offensive
192,Mee too sir please do consider,Not_offensive
193,One next level movieü§ëü§ë,Offensive_Targeted_Insult_Individual
194,‡≤®‡≤ï‡≤æ‡≤∞‡≤æ‡≤§‡≥ç‡≤Æ‡≤¶ ‡≤∏‡≤£‡≥ç‡≤£ ‡≤ó‡≥Ü‡≤∞‡≥Ü‡≤Ø‡≤®‡≥ç‡≤®‡≥Å ‡≤ï‡≤æ‡≤£‡≤≤‡≤ø‡≤≤‡≥ç‡≤≤ ‡≤µ‡≥ç‡≤Ø‡≤ï‡≥ç‡≤§‡≤ø‡≤§‡≥ç‡≤µ‡≤¶‡≤≤‡≥ç‡≤≤‡≤ø ‡≤®‡≤Æ‡≤ó‡≥Ü ‡≤Ü‡≤¶‡≤∞‡≥ç‡≤∂ ‡≤®‡≥Ä‡≤µ‡≥Å..,Not_offensive
195,Avane nodri sriman narayan love from belagavi,Not_offensive
196,@s·¥Ä…¥·¥Ö·¥Ä ü·¥°·¥è·¥è·¥Ö s·¥õ·¥ú·¥Ö…™·¥è ·¥ç·¥è·¥†…™·¥ás ganchali jasti madbedaa  loffer,Not_offensive
197,Song is super,Not_offensive
198,Kannada industry dhool....,not-Kannada
199,He is look like Virat kohli,Not_offensive
200,Super hero prajval devraj I like I love hero but avara time sari ila adke avara movie hit agtila but ivarige vale director sigbeku benki hero prajval I love boss E cinema adru nimge success tandu kodali..devru idane munde nugta eri boss god bless you,Not_offensive
201,E tik tokrs ondisht jana mental galu bro avugalna tik tokrs anodkina chainis anbekku,Not_offensive
202,Super gurunJai hind Jai Indian army,Not_offensive
203,Kudla dagul yerla ullara‚Äç‚Äç,not-Kannada
204,Spr song,Not_offensive
205,Hindi song trailer no promotion release Hindi trailer in Hindi channel,Not_offensive
206,‡≤¨‡≤ø‡≤Ç‡≤¶‡≥Å ‡≤°‡≤µ‡≥ç ‡≤Ü‡≤Ç‡≤ü‡≤ø ‡≤Æ‡≤§‡≥ç‡≤§‡≥Ü ‡≤Ö‡≤µ‡≤∞ ‡≤∏‡≤Ç‡≤ó‡≤°‡≤ø‡≤ó‡≤∞ ‡≤â‡≤∞‡≥Å ‡≤¨‡≥ã‡≤∏‡≥Å‡≤°‡≤ø / ‡≤Ø‡≤∞‡≥Å ‡≤Ö‡≤Ç‡≤§ ‡≤™‡≥ç‡≤∞‡≥Ç‡≤µ‡≥ç ‡≤Æ‡≤æ‡≤°‡≥ç‡≤§‡≤æ ‡≤á‡≤¶‡≤æ‡≤≥‡≥Ü ü§£ü§£ ‡≤§‡≤ø‡≤ï‡≥ç ‡≤ü‡≤æ‡≤ï‡≥ç ‡≤Æ‡≤æ‡≤°‡≥ç‡≤≤‡≤ø‡≤≤‡≥ç‡≤≤ ‡≤Ö‡≤Ç‡≤¶‡≥ç‡≤∞‡≥Ü evalge ‡≤∏‡≤Ç‡≤°‡≤∏‡≥ç ‡≤¨‡≤∞‡≥Å‡≤§‡≥ç‡≤§‡≥ã ‡≤á‡≤≤‡≥ç‡≤µ‡≥ä ‡≤à ‡≤ö‡≥Ä‡≤®‡≤æ‡≤≤‡≤ø ‡≤ó‡≥Üü§£ü§£,Not_offensive
207,tiktok madle beku andre  chines border bidona alle tiktok madi syali,Not_offensive
208,@Lalsab Mulla tq sir,not-Kannada
209,D.boss fans kade doddadagi wel come madtivi sir,Not_offensive
210,‡≤®‡≤Æ‡≥ç ‡≤ï‡≤®‡≥ç‡≤®‡≤° ‡≤∏‡≤ø‡≤®‡≤ø‡≤Æ‡≤æ,Not_offensive
211,Rasmika ‡≤Ö‡≤ú‡≥ç‡≤û‡≤æ‡≤§ ü•Äü•Ä,Offensive_Targeted_Insult_Individual
212,Yaradru sahitya haktara anta nodtidd,Not_offensive
213,Kannada always no.1 agirbeku kannada belsi ulsi esta agli esta ellade edru plz like madi dislike madbedi kannadadavre dislike madidre hege yar fan adre enu kannada belsokr,Offensive_Targeted_Insult_Individual
214,@Nandi Parthasarathi jai gojjekesari gayashini Sule magne cheeti kalla  badige tulla,Not_offensive
215,Geret oumaanniere warold if shankar aswata,not-Kannada
216,Whitefield nalli yav theatre nallu hakalla kachada nanmaklu nodoke,Not_offensive
217,@Nandi Parthasarathi,not-Kannada
218,Super  songs,not-Kannada
219,Amezing bro i love your rost,Not_offensive
220,‡≤ß‡≥ç‡≤µ‡≤®‡≤ø ‡≤Ö‡≤¶‡≤≤‡≤æ ‡≤Ö‡≤¶‡≥Å n‡≤â‡≤§‡≥ç‡≤§‡≤∞ ‡≤ï‡≤∞‡≥ç‡≤®‡≤æ‡≤ü‡≤ï‡≤¶ ‡≤≠‡≤æ‡≤∑‡≥Ü‡≤Ø‡≤≤‡≥ç‡≤≤‡≤ø ‡≤Æ‡≤ø‡≤Ç‡≤¶ n‡≤ï‡≤Ç‡≤ö‡≤ø‡≤® ‡≤ï‡≤Ç‡≤†‡≤¶ ‡≤π‡≥Ü‡≤Æ‡≥ç‡≤Æ‡≥Ü,Offensive_Targeted_Insult_Individual
221,PrAveen psk jyy6,Not_offensive
222,Rashimika ilde iro avtara,Not_offensive
223,50 sala kelidhini ennu kelthane erbeku ansuthe,Not_offensive
224,basavanneyya pujar Howdu huliya,Not_offensive
225,Bari ait re,Offensive_Targeted_Insult_Individual
226,@Manoj Gowda ‡≤Æ‡≤≤‡≤Ø‡≤æ‡≤≥‡≤ø‡≤ó‡≤∞ ‡≤∏‡≤ø‡≤®‡≤ø‡≤Æ‡≤æ ‡≤Ö‡≤≠‡≤ø‡≤∞‡≥Å‡≤ö‡≤ø ‡≤§‡≥Å‡≤Ç‡≤¨‡≤æ ‡≤µ‡≤ø‡≤ö‡≤ø‡≤§‡≥ç‡≤∞ (in a positive way) ‡≤µ‡≤æ‡≤¶‡≤¶‡≥ç‡≤¶‡≥Å,Offensive_Targeted_Insult_Individual
227,you are correct bro..,Not_offensive
228,THI SONG SINGER VIJAY SVOICE ZIG ZIG AMAZING,Not_offensive
229,Views nodi ne gottagatte promotion sari aagilla anta. Pan India movie idu. Please innu promotion beku. Saakagta illa.,Offensive_Targeted_Insult_Individual
230,‡≤®‡≤ø‡≤Æ‡≥ç‡≤Æ‡≥ç ‡≤∂‡≥ç‡≤∞‡≤Æ ‡≤§‡≥Å‡≤Ç‡≤¨‡≤æ ‡≤á‡≤∞‡≥Å‡≤§‡≥ç‡≤§‡≥Ü ‡≤∏‡≤æ‡≤Ç‡≤ó‡≥ç ‡≤®‡≥ã‡≤°‡≤ø‡≤¶‡≥ç‡≤∞‡≥Ü‡≤®‡≥á ‡≤ó‡≥ä‡≤§‡≥ç‡≤§‡≥Å ‡≤Ü‡≤ó‡≥Å‡≤§‡≥ç‡≤§‡≥Ü ‡≤®‡≥ã‡≤°‡≥ã‡≤ï‡≥Ü ‡≤µ‡≥á‡≤ü‡≥ç ‡≤Æ‡≤æ‡≤°‡≥ç‡≤§‡≤ø‡≤¶‡≥ç‡≤¶‡≥á‡≤®‡≥Ü. ‡≤Ö‡≤µ‡≤®‡≥á ‡≤∂‡≥ç‡≤∞‡≥Ä ‡≤Æ‡≤®‡≥ç‡≤®‡≤®‡≤æ‡≤∞‡≤æ‡≤Ø‡≤£,Not_offensive
231,@K. LATHEESH KUMAR Kodical ‡≤Ø‡≤æ‡≤ï‡≥ç ‡≤Ö‡≤£‡≥ç‡≤£,Not_offensive
232,Bro Gadi le hoge nintkoloke heali avn beja bayge barrage bole magange,Not_offensive
233,Nam amma helidaare rakshit shetty dual role erodu anta....Nodana!,Not_offensive
234,@Kiccha Vitthal papa bidu guru amele athbitre kashta attar flop ago movie ge support madtavre,Not_offensive
235,Super lyrics guru no,Not_offensive
236,Osam bro big fan,not-Kannada
237,‡≤®‡≤®‡≤ó‡≥Ü ‡≤π‡≤æ‡≤≤‡≥Å ‡≤ï‡≥Å‡≤°‡≤ø‡≤¶‡≤∑‡≥ç‡≤ü‡≥Å ‡≤∏‡≤Ç‡≤§‡≥ã‡≤∑‡≤µ‡≤æ‡≤Ø‡≤ø‡≤§‡≥Å ‡≤ú‡≥à ‡≤Æ‡≥ã‡≤¶‡≤ø‡≤ú‡≤øü§£ü§£ü§£,Not_offensive
238,SUPER DUPER MOVIE,Not_offensive
239,Super song,not-Kannada
240,Song Karnatakadalli ella hero fans film node nodtare but pls bere languages lli promotion madi,Not_offensive
241,Hindi kuthe aahe,Not_offensive
242,‡≤ö‡≥Ä‡≤®‡≤ø ‡≤∏‡≥Ç‡≤≥‡≥á‡≤Æ‡≤ï‡≥ç‡≤ï‡≤≥ ‡≤é‡≤≤‡≥ç‡≤≤‡≤æ ‡≤Ü‡≥ç‡≤Ø‡≤™‡≥ç ‡≤ó‡≤≥‡≤®‡≥ç‡≤®‡≥Å ‡≤¨‡≥ç‡≤Ø‡≤æ‡≤®‡≥ç ‡≤Æ‡≤æ‡≤°‡≤ø‡≤¶‡≥ç‡≤¶‡≥Å ‡≤§‡≥Å‡≤Ç‡≤¨‡≤æ‡≤®‡≥á ‡≤ñ‡≥Å‡≤∑‡≤ø‡≤Ø‡≤æ‡≤Ø‡≥ç‡≤§‡≥Å.n    ‡≤ú‡≥à‡≤π‡≤ø‡≤Ç‡≤¶‡≥ç,Not_offensive
243,‡≤í‡≤≥‡≥ç‡≤≥‡≥á‡≤¶‡≥Å ‡≤Ø‡≤æ‡≤∞‡≥ç‡≤ó‡≥Ç‡≤®‡≥Å ‡≤¨‡≥á‡≤ï‡≤æ‡≤ó‡≤ø‡≤≤‡≥ç‡≤≤...,not-Kannada
244,@Naveenkumar R lo adu kannad Alla kannada...,Not_offensive
245,Hi good night,Not_offensive
246,@prithvi nayak lo ninu ‡≤Ö‡≤®‡≥ç‡≤® ‡≤§‡≤ø‡≤Ç‡≤§‡≥Ä‡≤Ø‡≤æ ‡≤Ö‡≤≤‡≥ç‡≤≤‡≤æ ‡≤Ö‡≤¶‡≥Å ‡≤∞‡≥à‡≤§‡≤®‡≤ø‡≤Ç‡≤¶ ‡≤ï‡≤£‡≥ã... ‡≤Ø‡≤æ‡≤∞‡≤®‡≥Å ‡≤ï‡≥Ä‡≤≥‡≤æ‡≤ó‡≤ø ‡≤®‡≥ã‡≤°‡≥ç‡≤¨‡≥á‡≤°.. standard anbeda bcz nin erode avrinda... adikke nin buddi gottagutte tu respect kodo... lo mari d boss.. nim kichan ginta jasti salary annodu kalko.. nin helid matu enadru auto drivers,Offensive_Targeted_Insult_Individual
247,Upendra tara ideas eroru PM,Not_offensive
248,@Nandi Parthasarathi sarcasm,not-Kannada
249,@Asha Asha good be happy..,Not_offensive
250,‡≤®‡≤æ‡≤®‡≥Å‚Äå ‡≤ï‡≥Ç‡≤° ‡≤Æ‡≥ä‡≤¨‡≥à‡≤≤‡≥ç‚Äå‡≤®‡≤≤‡≤ø‚Äå ‡≤®‡≥ä‡≤°‡≤ø‡≤¶‡≥ç‡≤¶‡≥Ü‡≤®‡≥Ü ‡≤é‡≤Ç‡≤¨ ‡≤™‡≥ç‡≤∞‡≤ú‡≥ç‡≤®‡≥Ü ‡≤ï‡≤æ‡≤°‡≤§‡≤æ ‡≤á‡≤¶‡≥Ü...‡≤®‡≤ø‡≤∞‡≥ç‡≤Æ‡≤æ‡≤™‡≤ï‡≤∞ ‡≤ñ‡≤æ‡≤§‡≥Ü‚Äå ‡≤®‡≤Ç. ‡≤π‡≤æ‡≤ï‡≤ø‚Äå ‡≤¶‡≥Å‡≤°‡≥ç‡≤°‡≥Å ‡≤π‡≤æ‡≤ï‡≥Å‡≤µ.,Not_offensive
251,Super song,not-Kannada
252,‡≤à ‡≤π‡≤æ‡≤°‡≥Å ‡≤ï‡≥á‡≤≥‡≤≤‡≥Å ‡≤§‡≥Å‡≤Ç‡≤¨ ‡≤ö‡≥Ü‡≤®‡≥ç‡≤®‡≤æ‡≤ó‡≤ø‡≤¶‡≥Ü,Not_offensive
253,‡≤∏‡≥Å‡≤™‡≤∞ ‡≤§‡≥ä‡≤ó‡≤∞‡≤ø ‡≤§‡≤ø‡≤™‡≥ç,Not_offensive
254,Wow nice movie,Not_offensive
255,E song Alli dislike mado antadu enide,Not_offensive
256,@Vasantha Setty ‡≤Ö‡≤Ç‡≤°‡≤∞‡≥ç‡≤ó‡≥ç‡≤∞‡≥å‡≤Ç‡≤°‡≥ç ‡≤ó‡≥á ‡≤π‡≥ã‡≤ó‡≥Å ‡≤∏‡≤ø‡≤ó‡≥ç‡≤§‡≤æ‡≤∞‡≥Ü ‡≤Æ‡≥Ü‡≤ú‡≥Ü‡≤∏‡≥ç‡≤ü‡≤ø‡≤ï‡≥ç ‡≤Ö‡≤≤‡≥ç‡≤≤‡≤ø ‡≤§‡≥Å‡≤≤‡≥ç‡≤≤‡≥á....,Not_offensive
257,@Raja Vishnuvardhana Tamil of ciurse,Not_offensive
258,‡≤â‡≤°‡≥Å‡≤™‡≤ø ‡≤ú‡≤®‡≤§‡≥Ü ‡≤í‡≤Ç‡≤¶‡≥Å ‡≤≤‡≥à‡≤ï‡≥ç ‡≤Æ‡≤æ‡≤°‡≤ø,Not_offensive
259,Tik tok super app anna,Not_offensive
260,Superb  Bro..,Not_offensive
261,Looo bolee makla tiktokersnSule Galla India du economy jasthe madeee adree nkn china du madtheraaa nBole makla Nim na hang madbeku n Tiktokers nChina du spoons ninunBole maklla Sule mundee galan,Not_offensive
262,‡≤∏‡≤ø‡≤®‡≤ø‡≤Æ‡≤æ ‡≤Æ‡≤®‡≥ã‡≤ú‡≥ç‡≤û‡≤µ‡≤æ‡≤ó‡≤ø‡≤¶‡≥Ü. ‡≤Æ‡≤§‡≥ç‡≤§‡≥ä‡≤Æ‡≥ç‡≤Æ‡≥Ü ‡≤Æ‡≤ó‡≤¶‡≥ä‡≤Æ‡≥ç‡≤Æ‡≥Ü ‡≤®‡≥ã‡≤°‡≤¨‡≥á‡≤ï‡≥Ü‡≤®‡≤ø‡≤∏‡≥Å‡≤µ ‡≤ö‡≤ø‡≤§‡≥ç‡≤∞. ‡≤™‡≥ç‡≤∞‡≤§‡≤ø‡≤Ø‡≥ä‡≤Ç‡≤¶‡≥Å ‡≤™‡≤æ‡≤§‡≥ç‡≤∞‡≤µ‡≥Å ‡≤Æ‡≤®‡≤Æ‡≥Å‡≤ü‡≥ç‡≤ü‡≥Å‡≤§‡≥ç‡≤§‡≤¶‡≥Ü. ‡≤á‡≤Ç‡≤§‡≤π ‡≤ö‡≤ø‡≤§‡≥ç‡≤∞‡≤ó‡≤≥‡≤®‡≥ç‡≤®‡≥Å ‡≤ï‡≤®‡≥ç‡≤®‡≤°‡≤ø‡≤ó‡≤∞‡≥Å ‡≤é‡≤Ç‡≤¶‡≤ø‡≤ó‡≥Ç ‡≤¨‡≤ø‡≤ü‡≥ç‡≤ü‡≥Å ‡≤ï‡≥ä‡≤°‡≥Å‡≤µ‡≥Å‡≤¶‡≤ø‡≤≤‡≥ç‡≤≤. ‡≤ö‡≤ø‡≤§‡≥ç‡≤∞‡≤Æ‡≤Ç‡≤¶‡≤ø‡≤∞‡≤ó‡≤≥‡≤¶‡≤µ‡≤∞‡≥Å ‡≤§‡≤™‡≥ç‡≤™‡≥Å ‡≤ï‡≤≤‡≥ç‡≤™‡≤®‡≥Ü‡≤Ø‡≤≤‡≥ç‡≤≤‡≤ø‡≤¶‡≥ç‡≤¶‡≤æ‡≤∞‡≥Ü. ‡≤ö‡≤ø‡≤§‡≥ç‡≤∞‡≤µ‡≥Å ‡≤®‡≤ø‡≤ß‡≤æ‡≤®‡≤µ‡≤æ‡≤ó‡≤ø ‡≤≤‡≤Ø‡≤ï‡≥ç‡≤ï‡≥Ü ‡≤Æ‡≤∞‡≤≥‡≥Å‡≤§‡≥ç‡≤§‡≤ø‡≤§‡≥ç‡≤§‡≥Å. ‡≤¶‡≤Ø‡≤µ‡≤ø‡≤ü‡≥ç‡≤ü‡≥Å ‡≤ö‡≤ø‡≤§‡≥ç‡≤∞‡≤Æ‡≤Ç‡≤¶‡≤ø‡≤∞‡≤ó‡≤≥ ‡≤∏‡≤Ç‡≤ñ‡≥ç‡≤Ø‡≥Ü‡≤Ø‡≤®‡≥ç‡≤®‡≥Å ‡≤π‡≥Ü‡≤ö‡≥ç‡≤ö‡≤ø‡≤∏‡≤ø.,Not_offensive
263,Currect agi helidri sir,Not_offensive
264,Valle story iratte maathra,Not_offensive
265,Nijvaglu charitre srushtiso avataara,Not_offensive
266,GOOD OBSERVATION,Not_offensive
267,Super bro nimdu chamrajnagar side navra,not-Kannada
268,‡≤ï‡≤®‡≥ç‡≤®‡≤° ‡≤¶ ‡≤π‡≥Ü‡≤Æ‡≥ç‡≤Æ‡≥Ü‡≤Ø ‡≤Æ‡≥ä‡≤§‡≥ä‡≤Ç‡≤¶‡≥Å ‡≤ö‡≤ø‡≤§‡≥ç‡≤∞,Not_offensive
269,havlli guru nimanthavru bekku,Not_offensive
270,@10 R Amma akka antha baiyokke ellrugu baruthe.. nim manelu hengsru iddare hushaaru,Not_offensive
271,Finally  movie nodaytu..... Adbhuta atyadbhuta......... Nodo prati kshananu taleli budhi odtane eirute...... Amazing,not-Kannada
272,Chikki chikki chikkappa nidde indda bega helappa pade pade kelbeku tumbha tumbha tacing padgalu adu sang agiddre innu kushipadtide I love jental man movi,Not_offensive
273,‡≤ï‡≤®‡≥ç‡≤®‡≤°‡≤¶‡≤≤‡≥ç‡≤≤‡≤ø  ‡≤¨‡≤∞‡≤π‡≤µ‡≤®‡≥ç‡≤®‡≥Å  ‡≤¨‡≤∞‡≥Ü‡≤¶  ‡≤®‡≤ø‡≤Æ‡≤ó‡≥Ü  ‡≤®‡≤®‡≥ç‡≤®  ‡≤Ö‡≤≠‡≤ø‡≤®‡≤Ç‡≤¶‡≤®‡≥Ü‡≤ó‡≤≥‡≥Å ‡≤∏‡≤ø‡≤®‡≤ø‡≤Æ‡≤æ  ‡≤ö‡≥Ü‡≤®‡≥ç‡≤®‡≤æ‡≤ó‡≤ø‡≤¶‡≥Ü   ‡≤®‡≤®‡≥ç‡≤®  ‡≤π‡≥É‡≤¶‡≤Ø‡≤ï‡≥ç‡≤ï‡≥Ü  ‡≤Æ‡≤®‡≤∏‡≥ç‡≤∏‡≤ø‡≤ó‡≥á ‡≤Æ‡≥Å‡≤ü‡≥ç‡≤ü‡≤ø‡≤¶ ‡≤∏‡≤ø‡≤®‡≤ø‡≤Æ‡≤æ ‡≤á‡≤¶‡≥Å... ‡≤í‡≤≥‡≥ç‡≤≥‡≥Ü‡≤Ø‡≤¶‡≤æ‡≤ó‡≤≤‡≤ø,Not_offensive
274,@Nandi Parthasarathi ‡≤®‡≤ø‡≤Ç‡≤¶‡≥Å ‡≤¨‡≥Ä‡≤¶‡≤ø ‡≤®‡≤æ‡≤Ø‡≤ø ‡≤§‡≥Å‡≤≤‡≥ç‡≤≤‡≥Å ‡≤Ö‡≤®‡≥ç‡≤∏‡≥Å‡≤§‡≥ç‡≤§‡≥Ü,not-Kannada
275,Guru super guru ninu,Not_offensive
276,Bro tik tok tirga bandida bro nijvagluindia dali,Not_offensive
277,#DBOSS  ‡≤¶‡≤∞‡≥ç‡≤∂‡≤®‡≥ç ‡≤Ö‡≤£‡≥ç‡≤£‡≤® ‡≤Ö‡≤≠‡≤ø‡≤Æ‡≤æ‡≤®‡≤ø‡≤ó‡≤≥ ‡≤ï‡≤°‡≥Ü ‡≤á‡≤Ç‡≤¶ All the best,Not_offensive
278,@Thejas Gowda avnu oba uneducated slum sulemaga..adke yaneno bogltaneü§£ü§£,Not_offensive
279,‡≤®‡≤Ç‡≤¨‡≤≤‡≤æ‡≤¶ ‡≤µ‡≤ø‡≤∏‡≥ç‡≤Æ‡≤Ø ‡≤∏‡≤Ç‡≤ó‡≤§‡≤ø‡≤ó‡≤≥‡≥Å ‡≤Ö‡≤¶‡≥Ü‡≤∑‡≥ç‡≤ü‡≥Å ‡≤á‡≤µ‡≥Ü ‡≤®‡≤Ç‡≤¨‡≤≤‡≥Å ‡≤Ü‡≤ó‡≤¶‡≥Ü ‡≤á‡≤¶‡≥ç‡≤¶‡≤∞‡≥Å ‡≤∏‡≤§‡≥ç‡≤Ø‡≤µ‡≥á ‡≤Ü‡≤ó‡≤ø‡≤∞‡≥Å‡≤§‡≥ç‡≤§‡≤µ‡≥Ü,not-Kannada
280,Gaali maathina bajaaru suddi saarise sumaaru...,not-Kannada
281,‡≤¶‡≤ø‡≤Ø‡≤æ  ‡≤Ö‡≤ß‡≥ç‡≤¨‡≥Å‡≤§ ‡≤∏‡≤ø‡≤®‡≥Ü‡≤Æ‡≤æ .. ‡≤¨‡≤∞‡≥Ü‡≤Ø‡≥Å‡≤§‡≥ç‡≤§‡≤æ ‡≤π‡≥ã‡≤¶‡≤∞‡≥Ü ‡≤§‡≥Å‡≤Ç‡≤¨‡≤æ ‡≤¨‡≤∞‡≤ø‡≤¨‡≥á‡≤ï‡≥Å ‡≤Ö‡≤®‡≥ç‡≤∏‡≥Å‡≤§‡≥ç‡≤§‡≥Ü .... ‡≤≠‡≤æ‡≤µ‡≤®‡≤æ‡≤§‡≥ç‡≤Æ‡≤ï‡≤µ‡≤æ‡≤ó‡≤ø ‡≤∏‡≤ø‡≤®‡≥Ü‡≤Æ‡≤æ ‡≤ï‡≥ä‡≤®‡≥Ü‡≤Ø‡≤µ‡≤∞‡≥Ü‡≤ó‡≥Ç ‡≤é‡≤≥‡≥Ü‡≤¶‡≥Å‡≤ï‡≥ä‡≤Ç‡≤°‡≥Å ‡≤π‡≥ä‡≤ó‡≥Å‡≤§‡≥ç‡≤§‡≥Ü..  ‡≤∏‡≤ø‡≤®‡≥Ü‡≤Æ‡≤æ ‡≤ó‡≥Ü‡≤¶‡≥ç‡≤¶‡≤ø‡≤¶‡≥Ü..,not-Kannada
282,Super bro,not-Kannada
283,Wonderful song daily 5/6 kelalill Andre  eno miss madakodante,Not_offensive
284,Hats up u sir.,Not_offensive
285,‡≤®‡≤Æ‡≥ç‡≤Æ‡≤¶‡≥á‡≤∂ ‡≤¶ ‡≤ï‡≤§‡≥Ü ‡≤á‡≤∑‡≥ç‡≤ü‡≥Ü ‡≤ï‡≤£‡≥ã‡≤™‡≥ç‡≤™,Not_offensive
286,Super sir make in india,Not_offensive
287,Super bro,not-Kannada
288,Sooper maga ü§ó u r a true Indian,Offensive_Targeted_Insult_Individual
289,Superb movie sir,Not_offensive
290,Mini shankar nag,not-Kannada
291,‡≤¶‡≤ø‡≤®‡≤ï‡≥ç‡≤ï‡≥ä‡≤Ç‡≤¶‡≥Å ‡≤∏‡≤æ‡≤∞‡≤ø‡≤Ø‡≤æ‡≤¶‡≤∞‡≥Ç ‡≤à ‡≤µ‡≤ø‡≤°‡≤ø‡≤Ø‡≥ã ‡≤®‡≥ã‡≤°‡≤ø‡≤¶‡≤µ‡≤∞‡≥Å like Madi......,Not_offensive
292,Tiktak uninstal ‡≤Æ‡≤æ‡≤°‡≤ø‡≤¶‡≤∞‡≥Ü ‡≤à ‡≤§‡≥Å‡≤ï‡≤æ‡≤≤‡≤ø,Not_offensive
293,Broo dhanushreena roast madiiii... Chenagirutthe,Not_offensive
294,sum sumne andreü§î,Not_offensive
295,Super song bro superrrrr......b,Not_offensive
296,‡≤Ö‡≤£‡≥ç‡≤£ ‡≤®‡≤Æ‡≥ç‡≤Æ‡≤®‡≥ç‡≤®‡≥Å ‡≤Ö‡≤≤‡≥ç‡≤≤ ‡≤Ö‡≤µ‡≤∞ ‡≤ó‡≥ã‡≤≥‡≥Å ‡≤Ö‡≤Ç‡≤§ ‡≤π‡≥á‡≤≥‡≤ø,Not_offensive
297,Sakat ag ede song bros yelru share madana plz nim whatsapp alli,Not_offensive
298,Yav movie remake hethidira sir,Not_offensive
299,Dharsha ge. Rost madu guru pls,Not_offensive
300,‡≤á‡≤¶‡≥Å ‡≤ö‡≤∞‡≤ø‡≤§‡≥ç‡≤∞‡≥Ü ‡≤∏‡≥É‡≤∑‡≥ç‡≤†‡≤ø‡≤∏‡≥ä ‡≤Ö‡≤µ‡≤§‡≤æ‡≤∞,Not_offensive
301,‡≤í‡≤≥‡≥ç‡≤≥‡≥Ü ‡≤ï‡≤®‡≥ç‡≤®‡≤° ‡≤∏‡≤ø‡≤®‡≤ø‡≤Æ‡≤æ‡≤ó‡≤≥‡≤ø‡≤ó‡≥Ü ‡≤Ø‡≤æ‡≤µ‡≤æ‡≤ó‡≥ç‡≤≤‡≥Ç ‡≤∏‡≤™‡≥ã‡≤∞‡≥ç‡≤ü‡≥ç ‡≤Æ‡≤æ‡≤°‡≥ã fans ‡≤ï‡≤°‡≥Ü‡≤Ø‡≤ø‡≤Ç‡≤¶,Not_offensive
302,Excellent makeing kingmaker,Not_offensive
303,Super agi ugdiya bro kittogiro bevarsigalige hege video madta iri support madta irtivi super,Not_offensive
304,Even me I like the step,Not_offensive
305,@manz game yes!,Not_offensive
306,Still Waiting for Hindi version!?,Offensive_Targeted_Insult_Individual
307,Benki bindangide rasmikage,not-Kannada
308,@Its Paramatma lo Gaandu Suvvar sumne iru...neen heldidh takshana nan opinion change agalla...,Not_offensive
309,China dali no donation large money all filled communist govt nnBut not India all in donation,Not_offensive
310,Sir hagadre namma desha kooda communist rastra agbeka?,Not_offensive
311,I'm waiting bro,Not_offensive
312,Hi nane ashwathama,Not_offensive
313,Sir modalu namm Deshadalli Tustikaran rajakarana irorvaregu namm paristiti ide,Not_offensive
314,31 M,Not_offensive
315,Superb song,Not_offensive
316,hindi song link pls,Not_offensive
317,Chennagi ugidira sara,Not_offensive
318,‡≤à ‡≤ï‡≤∞‡≤æ‡≤µ‡≤≥‡≤ø ‡≤∂‡≥Ü‡≤ü‡≥ç‡≤∞‡≥Å films ‡≤Ø‡≤æ‡≤ï‡≥Ü ‡≤á‡≤∑‡≥ç‡≤ü‡≥ä‡≤Ç‡≤¶‡≥Å dull and bore ‡≤π‡≥ä‡≤°‡≤ø‡≤∏‡≥Å‡≤§‡≥ç‡≤§‡≥ã ‡≤ó‡≥ä‡≤§‡≤æ‡≤ó‡≥ç‡≤§‡≤ø‡≤≤‡≥ç‡≤≤. ‡≤Ü ‡≤ï‡≤ø‡≤∞‡≤ø‡≤ï‡≥ç ‡≤™‡≤æ‡≤∞‡≥ç‡≤ü‡≤ø,Not_offensive
319,nijvaglu ee movie nodilla Andre nim papa aste,Not_offensive
320,Gun steps super,Not_offensive
321,Sir super great,Not_offensive
322,Super anna super,Not_offensive
323,‡≤µ‡≤æ‡≤µ‡≥ç ‡≤Ö‡≤¶‡≥ç‡≤≠‡≥Å‡≤§ ‡≤µ‡≤≥‡≥ç‡≤≥‡≥Ü‡≤¶‡≤æ‡≤ó‡≤≤‡≤ø,Not_offensive
324,@Sachin Y S nim number send made bro,Not_offensive
325,Hahah baari guru,Not_offensive
326,Prudvi supar acting sakkat suuuuuupar film,Not_offensive
327,Hands up guys,Not_offensive
328,‡≤π‡≤æ‡≤≤‡≤ø‡≤µ‡≥Å‡≤°‡≥ç ‡≤∞‡≥á‡≤Ç‡≤ú‡≤ø‡≤ó‡≤ø‡≤¶‡≥Ü...‡≤µ‡≥á‡≤Ø‡≥ç‡≤ü‡≤ø‡≤Ç‡≤ó‡≥ç...‡≤á‡≤¶‡≥Å ‡≤ö‡≤∞‡≤ø‡≤§‡≥ç‡≤∞‡≥Ü ‡≤∏‡≥É‡≤∑‡≥ç‡≤ü‡≤ø‡≤∏‡≥ã ‡≤Ö‡≤µ‡≤§‡≤æ‡≤∞,Not_offensive
329,@Raja Vishnuvardhana Ohh,Not_offensive
330,Waiting waiting waiting,Offensive_Targeted_Insult_Individual
331,Yak late guru,Not_offensive
332,Do theen din me aa jayegi bhai,Not_offensive
333,@MOVIES BOX o Robert,Not_offensive
334,‡≤á‡≤¶‡≥Å ‡≤ö‡≤∞‡≤ø‡≤§‡≥ç‡≤∞‡≥Ü ‡≤∏‡≥É‡≤∑‡≥ç‡≤ü‡≤ø‡≤∏‡≥ã ‡≤Ö‡≤µ‡≤§‡≤æ‡≤∞‡≤æ........,Not_offensive
335,Bro kanditha madona,Not_offensive
336,@Nandi Parthasarathi ‡≤®‡≤ø‡≤Æ‡≥ç‡≤Æ ‡≤Ö‡≤™‡≥ç‡≤™ ‡≤π‡≥Å‡≤ö‡≥ç‡≤ö‡≤æ ‡≤µ‡≥Ü‡≤Ç‡≤ï‡≤ü‡≥ç ‡≤Ö‡≤Ç‡≤§‡≥á ‡≤π‡≥å‡≤¶,Not_offensive
337,super song my favourait song,Not_offensive
338,Sir nimna devru yavaglu chenagottirli sir,Not_offensive
339,Supper episode... love it.....,Not_offensive
340,Good song good making,Not_offensive
341,‡≤π‡≤ø‡≤Ç‡≤ó‡≥Ü ‡≤µ‡≤ø‡≤°‡≤ø‡≤Ø‡≥ã ‡≤Æ‡≤æ‡≤°‡≥Å,not-Kannada
342,hidden number -,not-Kannada
343,Sariya kuyde magaaa,not-Kannada
344,Yaru yarigu illa anno sathya sangathi idu,Not_offensive
345,‡≤®‡≤ø‡≤Æ‡≥ç‡≤Æ‡≤Ø‡≤≤‡≥ç‡≤≤ ‡≤µ‡≤ø‡≤°‡≤ø‡≤Ø‡≥ã ‡≤®‡≥ã‡≤°‡≥ã‡≤ï‡≥Ü ‡≤§‡≥Å‡≤Ç‡≤¨‡≤æ ‡≤ñ‡≥Å‡≤∑‡≤ø ‡≤Ü‡≤ó‡≥Å‡≤§‡≥ç‡≤§‡≥Ü. ‡≤á‡≤®‡≥ç‡≤®‡≥Å ‡≤à ‡≤∞‡≥Ä‡≤§‡≤ø ‡≤µ‡≤ø‡≤°‡≤ø‡≤Ø‡≥ã ‡≤ó‡≤≥‡≤®‡≥Å ‡≤Æ‡≤æ‡≤°‡≤ø nThank u,Not_offensive
346,‡≤™‡≤æ‡≤™ ‡≤ú‡≤æ‡≤∏‡≥ç‡≤§‡≤ø followers ‡≤á‡≤∞‡≥ã‡≤∞‡≥ç ‡≤§‡≥Å‡≤Ç‡≤¨‡≤æ ‡≤¨‡≥á‡≤ú‡≤æ‡≤∞‡≥ç ‡≤Æ‡≤æ‡≤°‡≥ç‡≤ï‡≥ä‡≤Ç‡≤°‡≤ø‡≤¶‡≤æ‡≤∞‡≥Ü,not-Kannada
347,China apps dayvitu ban madi superg hugdira innu hugiri nam india jana sariilla thu,Not_offensive
348,@Creative Kannadiga ‡≤®‡≥Ä‡≤µ‡≥Å n‡≤∏‡≥ç‡≤Æ‡≥Ü‡≤≤‡≥ç ‡≤®‡≤µ‡≥Ä‡≤®. n‡≤â‡≤∏‡≥Å ‡≤π‡≤ø‡≤∞‡≥á‡≤Æ‡≤†‡≥çn‡≤≠‡≤ø‡≤ï‡≤æ‡≤∞‡≤ø ‡≤´‡≤ø‡≤≤‡≤ø‡≤™‡≥ç‡≤∏‡≥çn‡≤¨‡≤ø‡≤Ç‡≤¶‡≥Å ‡≤¨‡≥Ä‡≤°‡≤æn‡≤á‡≤µ‡≤∞ ‡≤ó‡≥ã‡≤≥‡≤æ‡≤ü‡≤µ‡≤®‡≥ç‡≤® ‡≤µ‡≤ø‡≤°‡≤ø‡≤Ø‡≥ã ‡≤Ö‡≤≤‡≥ç‡≤≤‡≤ø ‡≤§‡≥ã‡≤∞‡≤ø‡≤∏‡≤ø‡≤≤‡≥ç‡≤≤..,Not_offensive
349,First India na America ke compare madtidru alli hangide ingide anta ivaga. India na China compare madtavre nnNav bari compare madtivi vartu namunyaru compare modo hage hogalla,Not_offensive
350,But olle cinima gedde gellutte... ASN  ü§ò,Not_offensive
351,Power star ..fans laik madi,Not_offensive
352,Gichha song appsji,Not_offensive
353,@Nandi Parthasarathi ‡≤®‡≥Ä‡≤®‡≥Å ‡≤∞‡≤Ç‡≤°‡≥Ü,Not_offensive
354,@Unity of India nam deshadalli poor people heecchide..yakandre caste system saluvagi avar hattir property hecchide karan avaru hinde caste system mele janagalannu looti madi tamma property hecchu madkondidare adre belove caste ge astu property iralla so adar saluvagi avaru yavaglu badadvarage ulitidare yavag nam sampattu samanavagi hanchuttivo avage desha develop agodu,Offensive_Targeted_Insult_Individual
355,Ossam ASN Super song,Not_offensive
356,Avl amman tullu navenu Chinese mobile,not-Kannada
357,This songs is sounds like ‡≤ï‡≥ã‡≤ü‡≤ø‡≤ó‡≥ä‡≤¨‡≥ç‡≤¨‡≤æ  ‡≤ï‡≥ã‡≤ü‡≤ø‡≤ó‡≥ä‡≤¨‡≥ç‡≤¨‡≤æ ... ü§® ( ‡≤ï‡≥ã‡≤ü‡≤ø‡≤ó‡≥ä‡≤¨‡≥ç‡≤¨ 2 ),Not_offensive
358,in 10m view 224k likes..i think highest likes for less views in kannada...,Not_offensive
359,‡≤∏‡≥Ç‡≤™‡≤∞‡≥ç ‡≤∏‡≥Ç‡≤™‡≤∞‡≥ç ‡≤°‡≤ø ‡≤¨‡≤æ‡≤∏‡≥ç fan,not-Kannada
360,Super bro,not-Kannada
361,Alle Dum taka anta shoot madona AKM nalliü§£ü§£ü§£ü§£,Not_offensive
362,We like shanvi nWe hate sanvi,Not_offensive
363,Yudda madabeku oda baradu katukaramunde bagavatgeete fire,Not_offensive
364,‡≤∏‡≥Ç‡≤™‡≤∞‡≥ç ‡≤ó‡≥Å‡≤∞‡≥Å ‡≤â‡≤ó‡≤ø‡≤∞‡≤ø ‡≤ü‡≤ø‡≤ï‡≥ç ‡≤ü‡≥ç‡≤Ø‡≤æ‡≤ï‡≥ç ‡≤ó‡≥Ü,Not_offensive
365,Super sipal star,Not_offensive
366,super song sir,Not_offensive
367,@Nandi Parthasarathi ‡≤∏‡≥á‡≤Æ‡≥ç ‡≤ü‡≥Å ‡≤Ø‡≥Å ‡≤Ö‡≤Ç‡≤§‡≥á..... ‡≤®‡≤ø‡≤®‡≥ç ‡≤§‡≥Å‡≤≤‡≥ç‡≤≤‡≥Å‡≤ó‡≥Ü ‡≤®‡≤æ,Not_offensive
368,‡≤§‡≥Å‡≤Ç‡≤¨‡≤æ ‡≤ó‡≤§‡≥ç‡≤§‡≥Å ‡≤á‡≤∞‡≥Å‡≤µ ‡≤π‡≤æ‡≤°‡≥Å ‡≤á‡≤¶‡≥Å.. ‡≤í‡≤Ç‡≤¶‡≥Ü‡≤∞‡≤°‡≥Å ‡≤∏‡≤≤ ‡≤ï‡≥á‡≤≥‡≤ø‡≤¶‡≥ç‡≤∞‡≥Ü ‡≤à ‡≤π‡≤æ‡≤°‡≤ø‡≤ó‡≥Ü ‡≤Ö‡≤°‡≤ø‡≤ï‡≥ç‡≤∑‡≤®‡≥ç ‡≤Ü‡≤ó‡≥ã‡≤¶‡≥á.. ‡≤í‡≤Ç‡≤¶‡≥ç‡≤∏‡≤≤ ‡≤ï‡≥á‡≤≥‡≥ç‡≤¨‡≥á‡≤°‡≤ø ‡≤à ‡≤π‡≤æ‡≤°‡≥Å ‡≤ö‡≥Ü‡≤®‡≥ç‡≤®‡≤æ‡≤ó‡≤ø‡≤¶‡≥Ü,Not_offensive
369,Raxit shetty uvarige ondu namaskar ide tara uvaru kannad film madali uvar comedy tumba chennagide.,Not_offensive
370,Bro nim videos delete agalla bedi  bro don't worry do videos bro,Not_offensive
371,‡≤∏‡≥Ç‡≤™‡≤∞‡≥ç ‡≤¨‡≥ç‡≤∞‡≤¶‡≤∞‡≥ç ‡≤®‡≥Ä‡≤µ‡≥Å,not-Kannada
372,Nim yella maathu nam prathidina jeevana dalli bekadudhe. nnivu genuine,Not_offensive
373,‡≤ö‡≤∞‡≤ø‡≤§‡≥ç‡≤∞‡≥Ü  ‡≤∏‡≥É‡≤∑‡≥ç‡≤ü‡≤ø‡≤∏‡≥ã ‡≤π‡≤æ‡≤°‡≥Å,Not_offensive
374,Dilip Singh Dilip dalit Sangh Ambedkar Dalit Singh song,Not_offensive
375,Super guru tumba channag matadtira i like it,Not_offensive
376,‡≤á‡≤¶‡≥Å ‡≤®‡≤ø‡≤ú‡≤æ‡≤µ‡≤æ‡≤ó‡≤ø‡≤Ø‡≥Ç ‡≤ö‡≤∞‡≤ø‡≤§‡≥ç‡≤∞‡≥Ü ‡≤∏‡≥É‡≤∑‡≥ç‡≤ü‡≤ø‡≤∏‡≥ã ‡≤Ö‡≤µ‡≤§‡≤æ‡≤∞,Not_offensive
377,Rashmika burnol acchko,Not_offensive
378,Dislike from rashmika fans,Offensive_Targeted_Insult_Individual
379,@Karna all 3 r good!!,Not_offensive
380,Super stories. Ipadent,not-Kannada
381,Boli maklu yellaaa mobile ally nodtha edre √©nna theatre ge bandu yelli nodthaare,Not_offensive
382,‡≤®‡≤æ‡≤®‡≥Å ‡≤§‡≥Å‡≤Ç‡≤¨‡≤æ ‡≤ö‡≤ø‡≤ï‡≥ç‡≤ï‡≤µ‡≤®‡≤ø‡≤¶‡≥ç‡≤¶‡≤æ‡≤ó‡≤≤‡≥Ç ‡≤®‡≤æ‡≤®‡≥Å ‡≤∂‡≤Ç‡≤≠‡≥Å ‡≤¨‡≤≥‡≤ø‡≤ó‡≤æ‡≤∞ ‡≤∞‡≤µ‡≤∞ ‡≤Ö‡≤≠‡≤ø‡≤Æ‡≤æ‡≤®‡≤ø...‡≤à‡≤ó‡≤≤‡≥Ç ‡≤á‡≤µ‡≤∞ ‡≤ß‡≥ç‡≤µ‡≤®‡≤ø‡≤Ø‡≤≤‡≥ç‡≤≤‡≤ø ‡≤ï‡≤•‡≥Ü ‡≤ï‡≥á‡≤≥‡≤ø...25 ‡≤µ‡≤∞‡≥ç‡≤∑‡≤ó‡≤≥ ‡≤π‡≤ø‡≤Ç‡≤¶‡≥Ü ‡≤ï‡≤∞‡≥Ü‡≤¶‡≥ä‡≤Ø‡≥ç‡≤¶‡≥Å.. ‡≤¨‡≤ø‡≤ü‡≥ç‡≤ü‡≤∞‡≥Å ‡≤®‡≤Æ‡≥ç‡≤Æ‡≤®‡≥ç‡≤®‡≥Å,Not_offensive
383,Full different song,Not_offensive
384,Bro nan phone thagandaginda nu aa galeej app install madilla.adre adu yavdo ragitu goditu antharalla (share it ) na delete mad de,Not_offensive
385,Super  song,not-Kannada
386,D boss fans inda full support iden#jaidboss,Not_offensive
387,@TROLL MONSTER_KANNADA nNimma maneli iruva ladies yalrogu nane galuj madiddu.... nInnu ninu yavanige huttidyo papaü§¶ü§¶,Not_offensive
388,‡≤ï‡≤ø‡≤∞‡≤ø‡≤ï‡≥ç ‡≤ï‡≤∞‡≥ç‡≤£‡≤® ‡≤π‡≥ä‡≤∏ ‡≤Ö‡≤µ‡≤§‡≤æ‡≤∞ - ‡≤∂‡≥ç‡≤∞‡≥Ä‡≤Æ‡≤®‡≥ç‡≤®‡≤æ‡≤∞‡≤æ‡≤Ø‡≤£,Not_offensive
389,@sharath sharu nin ammun tullge nayi mari tunne sigaka yako sule magne nin dagar sule maga adung adtiya,Not_offensive
390,super togari tippa,Not_offensive
391,Whr uh frm buddy?,not-Kannada
392,Modi doing good job for new india,Offensive_Targeted_Insult_Individual
393,Dia movie 2012 nalli banda andala rakshasi movie story copy edu,Not_offensive
394,‡≤®‡≤æ‡≤®‡≥Å ‡≤à ‡≤∏‡≤ø‡≤®‡≤ø‡≤Æ‡≤æ ‡≤®‡≥ã‡≤°‡≤ø‡≤¶‡≥Ü.n‡≤®‡≥Ä‡≤µ‡≥Ç ‡≤®‡≥ã‡≤°‡≤ø.n‡≤á‡≤≤‡≥ç‡≤≤‡≤¶‡≤ø‡≤¶‡≥ç‡≤¶‡≤∞‡≥Ü ‡≤ï‡≤®‡≥ç‡≤®‡≤°‡≤¶ ‡≤í‡≤Ç‡≤¶‡≥Å ‡≤í‡≤≥‡≥ç‡≤≥‡≥Ü‡≤Ø ‡≤ö‡≤ø‡≤§‡≥ç‡≤∞‡≤µ‡≤®‡≥ç‡≤®‡≥Å ‡≤Æ‡≤ø‡≤∏‡≥ç ‡≤Æ‡≤æ‡≤°‡≤ø‡≤ï‡≥ä‡≤Ç‡≤°‡≤Ç‡≤§‡≥Ü.n‡≤á‡≤¶‡≥á ‡≤ö‡≤ø‡≤§‡≥ç‡≤∞ ‡≤¨‡≥á‡≤∞‡≥Ü ‡≤≠‡≤æ‡≤∑‡≥Ü‡≤Ø‡≤≤‡≥ç‡≤≤‡≤ø ‡≤¨‡≤Ç‡≤¶‡≤ø‡≤¶‡≥ç‡≤¶‡≤∞‡≥Ü ‡≤Ö‡≤¶‡≤∞ ‡≤ï‡≤•‡≥á‡≤®‡≥Ü ‡≤¨‡≥á‡≤∞‡≥Ü ‡≤á‡≤∞‡≥ç‡≤§‡≤ø‡≤§‡≥ç‡≤§‡≥Å.,Offensive_Targeted_Insult_Individual
395,‡≤π‡≤ø‡≤§‡≤ø‡≤π‡≤æ‡≤∏ ‡≤¨‡≤¶‡≤≤‡≤æ‡≤Ø‡≤ø‡≤∏‡≤ø‡≤¶‡≤ø‡≤∞‡≤ø ‡≤®‡≥Ä‡≤µ‡≥Å.,not-Kannada
396,days fixed,not-Kannada
397,‡≤§‡≥ä‡≤ó‡≤∞‡≤ø ‡≤§‡≤ø‡≤™‡≥ç‡≤™ ‡≤®‡≤æ‡≤ü‡≤ï ‡≤í‡≤≥‡≥ç‡≤≥‡≥Ü‡≤Ø ‡≤π‡≤æ‡≤∏‡≥ç‡≤Ø‡≤Æ‡≤Ø ‡≤®‡≤æ‡≤ü‡≤ï,Not_offensive
398,Even i felt the same..,Not_offensive
399,Tikto nan Shanta,Offensive_Targeted_Insult_Individual
400,‡≤í‡≤Ç‡≤¶‡≥Å Angle ‡≤®‡≤≤‡≥ç‡≤≤‡≤ø ‡≤®‡≥ã‡≤°‡≤ø‡≤¶‡≥ç‡≤∞‡≥Ü ‡≤ö‡≥Ä‡≤®‡≤æ ‡≤ï‡≤Æ‡≥ç‡≤Ø‡≥Å‡≤®‡≤ø‡≤∏‡≥ç‡≤ü‡≥ç ‡≤™‡≤ï‡≥ç‡≤∑‡≤ó‡≤≥‡≥Å ‡≤¨‡≥Ü‡≤∏‡≥ç‡≤ü‡≥ç,Not_offensive
401,Great sir nivu,Not_offensive
402,‡≤®‡≤Æ‡≥ç‡≤Æ ‡≤´‡≥ç‡≤Ø‡≤æ‡≤Æ‡≤ø‡≤≤‡≤ø ‡≤ú‡≥ä‡≤§‡≥Ü  ‡≤à ‡≤∏‡≤ø‡≤®‡≥Ü‡≤Æ‡≤æ‡≤µ‡≤®‡≥ç‡≤®‡≥Å ‡≤§‡≤™‡≥ç‡≤™‡≤¶‡≥Ü ‡≤®‡≥ã‡≤°‡≥ç‡≤§‡≤ø‡≤µ‡≥Ü.,Not_offensive
403,@Troll Stupid Fans naanu adikke kano helthirodu  ninnantha jathi naayi na hethidke paapa avru baiskothidare kano balegara kaamuka nan makla,Not_offensive
404,‡≤∞‡≤ï‡≥ç‡≤∑‡≤ø‡≤§‡≥ç ‡≤∂‡≥Ü‡≤ü‡≥ç‡≤ü‡≤ø ‡≤¨‡≤æ‡≤°‡≤ø ‡≤≤‡≤æ‡≤Ç‡≤ó‡≥ç‡≤µ‡≥á‡≤ú‡≥ç‚Äå ‡≤®‡≥ã‡≤°‡≥Å‡≤§‡≥ç‡≤§‡≤æ ‡≤∂‡≤Ç‡≤ï‡≤∞‡≥ç ‡≤®‡≤æ‡≤ó‡≥ç ‡≤Ö‡≤µ‡≤∞‡≤®‡≥ç‡≤®‡≥Å ‡≤®‡≥Ü‡≤®‡≤™‡≤æ‡≤°‡≤ø‡≤ï‡≥ä‡≤Ç‡≤°‡≤µ‡≤∞‡≥Å ‡≤≤‡≥à‡≤ï‡≥ç ‡≤Æ‡≤§‡≥ç‡≤§‡≥Å ‡≤ï‡≤Æ‡≥Ü‡≤Ç‡≤ü‡≥ç ‡≤Æ‡≤æ‡≤°‡≤ø..,Not_offensive
405,Wawwww  ‡≤è‡≤®‡≥ç ‡≤∏‡≤æ‡≤Ç‡≤ó‡≥ç ‡≤Æ‡≤æ‡≤°‡≤ø‡≤¶‡≤ø‡≤∞‡≤ø ‡≤∏‡≤∞‡≥ç. nMusic,Not_offensive
406,Togari tippa all time favorite evergreen,Not_offensive
407,Boss nivu ultimate,not-Kannada
408,Super se  uper.......,Not_offensive
409,‡≤®‡≤ø‡≤Æ‡≥ç‡≤Æ ‡≤Ö‡≤®‡≤ø‡≤∏‡≤ø‡≤ï‡≥Ü‡≤ó‡≥Ü ‡≤®‡≤®‡≥ç‡≤® ‡≤®‡≤Æ‡≤®‡≤ó‡≤≥‡≥Å,Not_offensive
410,sir nivu thumba olle talent  iruva actor swalpa deha kammi madi modalnage stayilish agi idre nivu modalinage form ge barthira,Not_offensive
411,‡≤é‡≤Ç‡≤• lines,not-Kannada
412,Naanu nodde bro adu Chennai Alli full housefull,Not_offensive
413,Maddanappa Hosalli c,Not_offensive
414,All kannada fans hands up to avaneshrimath narayana keep rocking movie,Not_offensive
415,Super video ‡≤ú‡≥à ‡≤π‡≤ø‡≤Ç‡≤¶‡≥ç ‡≤ú‡≥à ‡≤≠‡≤æ‡≤∞‡≤§ ‡≤Æ‡≤æ‡≤§‡≥Ü,Not_offensive
416,‡≤á‡≤Ç‡≤§‡≤µ‡≤∞‡≤ø‡≤ó‡≥Ü ‡≤ü‡≤™ ‡≤ü‡≤™ ‡≤ü‡≤™ ‡≤ü‡≤™ ‡≤π‡≥ä‡≤°‡≤ø‡≤¨‡≥á‡≤ï‡≥Å,not-Kannada
417,Hidden details in  trailer of Avane Srimanarayana....n,Not_offensive
418,Charitre shrushtiso avatara,not-Kannada
419,Most liked song in KFI.,Not_offensive
420,@twisted formals yake urita edeya nivu dagar fans anta nim culture ende gottu agute modlu sariyagi mat adu magne modle Gulbarga mandi navu start madre ninu eral nin avvun tullu clean madsu,Not_offensive
421,Super guru,Not_offensive
422,387 tusmika fans anstade,not-Kannada
423,Super avanu helidanalla yelo galate ante avanu sikudre japli yelo togoduu odibeku tuuu.nNivu inu roste madtairi..nJai creative kannadiga..,Not_offensive
424,Olle kelsa Alva mem,Not_offensive
425,Hats up sir,Not_offensive
426,May be sanskrit,Not_offensive
427,Nice song guru but rashmika mandana Miss,Not_offensive
428,Super  channel super msg,not-Kannada
429,‡≤ö‡≤∞‡≤ø‡≤§‡≥ç‡≤∞‡≥Ü ‡≤∏‡≥É‡≤∑‡≥ç‡≤ü‡≤ø‡≤∏‡≥ã‡≤ï‡≥Ü ‡≤∞‡≥Ü‡≤°‡≤ø‡≤Ø‡≤æ‡≤ó‡≥ç‡≤§‡≤ø‡≤¶‡≥ç‡≤¶‡≤æ‡≤®‡≥Ü...‡≤Ö‡≤µ‡≤®‡≥á ‡≤∂‡≥ç‡≤∞‡≥Ä‡≤Æ‡≤®‡≥ç‡≤®‡≤æ‡≤∞‡≤æ‡≤Ø‡≤£....,Not_offensive
430,‡≤§‡≥Å‡≤Ç‡≤¨‡≤æ ‡≤Ö‡≤¶‡≥ç‡≤¨‡≥Å‡≤§ ‡≤∏‡≥ç‡≤™‡≥Ç‡≤∞‡≥ç‡≤§‡≤ø‡≤¶‡≤æ‡≤Ø‡≤ï ‡≤Æ‡≤æ‡≤§‡≥Å‡≤ó‡≤≥‡≥Å,Not_offensive
431,Nav itara iroke karana Congress party,Not_offensive
432,‡≤®‡≤Æ‡≥ç hero record ‡≤Ö‡≤∑‡≥ç‡≤ü‡≥Å n‡≤®‡≤Æ‡≥ç hero record ‡≤á‡≤∑‡≥ç‡≤ü‡≥Å ‡≤Ö‡≤Ç‡≤§  ‡≤ï‡≥Ü‡≤≤‡≤µ‡≥ä‡≤Ç‡≤¶‡≤ø‡≤∑‡≥ç‡≤ü‡≥Å fans ‡≤¨‡≤°‡≤ø‡≤¶‡≤æ‡≤°‡≥ç‡≤§‡≤ø‡≤¶‡≥ç‡≤∞‡≥Ün‡≤Ö‡≤≤‡≥ç‡≤≤‡≥ã‡≤¨‡≥ç‡≤¨ ‡≤é‡≤≤‡≥ç‡≤≤ fans ‡≤ó‡≤≥‡≤®‡≥ç‡≤®‡≥Å ‡≤í‡≤ó‡≥ç‡≤ó‡≥Ç‡≤°‡≤ø‡≤∏‡≤ø ‡≤§‡≤®‡≥ç‡≤®‡≥Ü‡≤°‡≥Ü‡≤ó‡≥Ü ‡≤∏‡≥Ü‡≤≥‡≥Ü‡≤Ø‡≥Å‡≤µ‡≤Ç‡≤§‡≥Ü ‡≤Æ‡≤æ‡≤°‡≤ø ‡≤§‡≤®‡≥ç‡≤®‡≤¶‡≥á ‡≤õ‡≤æ‡≤™‡≥Å ‡≤Æ‡≥Ç‡≤°‡≤ø‡≤∏‡≤ø‡≤¶ n‡≤Ø‡≤æ‡≤∞‡≤µ‡≤®‡≥Å!?nnnnnn‡≤Ö‡≤µ‡≤®‡≥á ‡≤∂‡≥ç‡≤∞‡≥Ä‡≤Æ‡≤®‡≥ç ‡≤®‡≤æ‡≤∞‡≤æ‡≤Ø‡≤£,not-Kannada
433,‡≤ö‡≤Ç‡≤¶‡≤®‡≥ç ‡≤∂‡≥Ü‡≤ü‡≥ç‡≤ü‡≤ø ‡≤ü‡≥ç‡≤∞‡≥ä‡≤≤‡≥ç ‡≤µ‡≤ø‡≤°‡≤ø‡≤Ø‡≥ã ‡≤®‡≥Ä‡≤µ‡≥Å ‡≤®‡≥ã‡≤°‡≤ø ‡≤®‡≥Ü‡≤ó‡≤°‡≥ç‡≤°‡≥Ü ‡≤á‡≤¶‡≥ç‡≤∞‡≥Ü ‡≤®‡≤æ‡≤µ‡≥ç ‡≤ó‡≥ç‡≤Ø‡≤æ‡≤∞‡≤Ç‡≤ü‡≤ø,Not_offensive
434,Movie chennagi ide,Not_offensive
435,Anna song super ü§£,Not_offensive
436,Munde nodona sadhyakke a plan illa,Offensive_Targeted_Insult_Individual
437,‡≤°‡≤ø ‡≤¨‡≤æ‡≤∏‡≥ç ‡≤Ö‡≤≠‡≤ø‡≤Æ‡≤æ‡≤®‡≤ø‡≤ó‡≤≥ ‡≤ï‡≤°‡≥Ü‡≤Ø‡≤ø‡≤Ç‡≤¶ ‡≤Ü‡≤≤‡≥ç ‡≤¶‡≥Ä ‡≤¨‡≥Ü‡≤∑‡≥ç‡≤ü ‡≤∏‡≥Ç‡≤™‡≤∞‡≥ç ‡≤ü‡≥ç‡≤∞‡≥á‡≤≤‡≤∞,Not_offensive
438,Osm bro super vedio,Not_offensive
439,inthavaranna gadibagakke kalsbeku tik tak madli,Not_offensive
440,@Karthik S Reddy 46449449494,Not_offensive
441,@Deepa CH Roll no-24,not-Kannada
442,Hands up' ‡≤Ö‡≤µ‡≤® ‡≤¨‡≤∞‡≥ç‡≤§‡≤æ ‡≤á‡≤¶‡≤æ‡≤®‡≥Ü...,not-Kannada
443,Nev super sir,Not_offensive
444,‡≤Ø‡≤æ‡≤∞‡≥Å ‡≤®‡≤ø‡≤ú‡≤µ‡≤æ‡≤¶ ‡≤µ‡≤ø‡≤∂‡≥ç‡≤µ‡≤ó‡≥Å‡≤∞‡≥Å? ‡≤á‡≤¶‡≥Å ‡≤¨‡≤∞‡≥Ä ‡≤ò‡≥ã‡≤∑‡≤£‡≥Ü‡≤ó‡≤≥ ‡≤∏‡≤∞‡≥ç‡≤ï‡≤æ‡≤∞!,Not_offensive
445,@Manjunath mtr in,Not_offensive
446,Supar sir ravichandar Tara kantiddirara sir,Not_offensive
447,Ahh Chinese app delete madroo..... Adhru badlu India bagge ondh video adhru nodi. Yeno ondh gottagutte,Not_offensive
448,Dislike madiroeu pakka Hollywood heroine fans,Offensive_Targeted_Insult_Individual
449,‡≤§‡≥ã‡≤ó‡≤∞‡≤ø ‡≤§‡≤ø‡≤™‡≥ç‡≤™  ‡≤®‡≤ï‡≥ç‡≤ï‡≥Å ‡≤®‡≤ó‡≤ø‡≤∏‡≥Å‡≤µ ‡≤ï‡≤•‡≤®.,Not_offensive
450,@simple  ‡≤ß‡≤®‡≥ç‡≤Ø‡≤µ‡≤æ‡≤¶‡≤ó‡≤≥‡≥Å ... ‡≤®‡≤Æ‡≥ç ‡≤®‡≤æ‡≤∞‡≤æ‡≤Ø‡≤£ ‡≤ó‡≥Ü‡≤≤‡≥ç‡≤≤‡≤¨‡≥á‡≤ï‡≥Å ‡≤Ö‡≤®‡≥ç‡≤®‡≥ã‡≤¶‡≥á ‡≤®‡≤®‡≥ç‡≤® ‡≤Ü‡≤∏‡≥Ü .. ‡≤®‡≤®‡≥ç‡≤® ‡≤ï‡≤°‡≥Ü ‡≤á‡≤Ç‡≤¶ ‡≤´‡≤∞‡≥ç‡≤∏‡≥ç‡≤ü‡≥ç ‡≤°‡≥á 4 ‡≤∏‡≤≤ ‡≤´‡≤ø‡≤ï‡≥ç‡≤∏‡≥ç  ..,Not_offensive
451,‡≤®‡≤ï‡≥ç‡≤ï‡≤®‡≥ç ‡≤π‡≤æ‡≤ï‡≥ç‡≤∞‡≥ã ‡≤∏‡≥ç‡≤ü‡≥Ü‡≤™‡≥ç‡≤™‡≥Å.....tik tok internet access madtilla ..,Not_offensive
452,Super comment bro,Not_offensive
453,Hands up haters,Not_offensive
454,Ya u true,Not_offensive
455,‡≤∏‡≥Ç‡≤™‡≤∞‡≥ç  ‡≤§‡≥Ç‡≤ó‡≤∞‡≤ø‡≤§‡≤ø‡≤™‡≥ç‡≤™,not-Kannada
456,Hands up ‡≤π‡≤ø‡≤¶‡≥Å ‡≤Ü‡≤®‡≤æ‡≤µ‡≤∞‡≤§,Not_offensive
457,I like it,not-Kannada
458,‡≤á‡≤¶‡≥Å ‡≤ö‡≤∞‡≤ø‡≤§‡≥ç‡≤∞‡≥Ü ‡≤∏‡≥É‡≤∑‡≥ç‡≤ü‡≤ø‡≤∏‡≥ä ‡≤Ö‡≤µ‡≤§‡≤æ‡≤∞,Not_offensive
459,‡≤∏‡≤∞‡≥ç ‡≤®‡≤ø‡≤Æ‡≤ó‡≥Ü ‡≤π‡≥ä‡≤∞‡≤ó‡≥ä‡≤Ç‡≤¶‡≥Å ‡≤í‡≤≥‡≤ó‡≥ä‡≤Ç‡≤¶‡≥Å ‡≤Æ‡≤æ‡≤§‡≤®‡≤æ‡≤°‡≥Å‡≤µ ‡≤Ø‡≤æ‡≤µ‡≥Å‡≤¶‡≥á ‡≤í‡≤Ç‡≤¶‡≥Å ‡≤®‡≥á‡≤∞ ‡≤®‡≤ø‡≤∑‡≥ç‡≤ü‡≥Å‡≤∞‡≤µ‡≤æ‡≤ó‡≤ø ‡≤Æ‡≤æ‡≤§‡≤®‡≤æ‡≤°‡≥Å‡≤§‡≥ç‡≤§‡≥Ä‡≤∞‡≤ø ‡≤Ü‡≤¶‡≥Å‡≤¶‡≤∞‡≤ø‡≤Ç‡≤¶ ‡≤í‡≤Ç‡≤¶‡≥Å ‡≤ï‡≤°‡≥Ü ‡≤®‡≤ø‡≤Æ‡≥ç‡≤Æ ‡≤Æ‡≤®‡≤∏‡≥ç‡≤∏‡≤ø‡≤ó‡≥Ü ‡≤®‡≥Ü‡≤Æ‡≥ç‡≤Æ‡≤¶‡≤ø ‡≤Ö‡≤®‡≤ø‡≤∏‡≤ø‡≤¶‡≤∞‡≥Ç ‡≤®‡≤ø‡≤Æ‡≥ç‡≤Æ ‡≤§‡≤Ç‡≤¶‡≥Ü‡≤Ø‡≤µ‡≤∞‡≥Å ‡≤Æ‡≥ä‡≤¶‡≤≤‡≤®‡≥Ü‡≤Ø ‡≤¶‡≤∞‡≥ç‡≤ú‡≥Ü ‡≤ö‡≤ø‡≤§‡≥ç‡≤∞ ‡≤®‡≤ü‡≤∞‡≤æ‡≤ó‡≤ø ‡≤Ö‡≤≠‡≤ø‡≤®‡≤Ø‡≤ø‡≤∏‡≥Å‡≤§‡≥ç‡≤§‡≤æ‡≤∞‡≥Ü ‡≤Ü‡≤¶‡≤∞‡≥Ü ‡≤á‡≤µ‡≤§‡≥ç‡≤§‡≤ø‡≤® ‡≤§‡≤≥‡≥Å‡≤ï‡≥Å ‡≤¨‡≤≥‡≤ï‡≤ø‡≤® ‡≤Ö‡≤≠‡≤ø‡≤®‡≤Ø‡≤ó‡≤≥‡≥Å ‡≤π‡≥Å‡≤ö‡≥ç‡≤ö‡≥Å‡≤π‡≥Å‡≤ö‡≥ç‡≤ö‡≤æ‡≤ó‡≤ø ‡≤°‡≤¨‡≤≤‡≥ç ‡≤Æ‡≥Ä‡≤®‡≤ø‡≤Ç‡≤ó‡≥ç ‡≤Æ‡≤æ‡≤§‡≥Å‡≤ó‡≤≥‡≥Å ‡≤π‡≥Ü‡≤ö‡≥ç‡≤ö‡≤æ‡≤ó‡≤ø‡≤µ‡≥Ü ‡≤§‡≤æ‡≤µ‡≥Å ‡≤§‡≤Æ‡≥ç‡≤Æ‡≤§‡≤®‡≤µ‡≤®‡≥ç‡≤®‡≥Å ‡≤â‡≤≥‡≤ø‡≤∏‡≤ø‡≤ï‡≥ä‡≤Ç‡≤°‡≥Å ‡≤§‡≤Ç‡≤¶‡≥Ü‡≤Ø‡≤µ‡≤∞ ‡≤Ö‡≤®‡≥Å‡≤ï‡≤∞‡≤ø‡≤∏‡≤ø ‡≤ú‡≥Ä‡≤µ‡≤®‡≤µ‡≤®‡≥ç‡≤®‡≥Å ‡≤®‡≤°‡≥Ü‡≤∏‡≥Å‡≤§‡≥ç‡≤§‡≤ø‡≤¶‡≥ç‡≤¶‡≥Ä‡≤∞‡≤ø ‡≤ó‡≥å‡≤∞‡≤µ‡≤®‡≤ü‡≤∞‡≤æ‡≤ó‡≤ø ‡≤í‡≤≥‡≥ç‡≤≥‡≥Ü‡≤Ø‡≤§‡≤®‡≤µ‡≤®‡≥ç‡≤®‡≥Å ‡≤â‡≤≥‡≤ø‡≤∏‡≤ø‡≤ï‡≥ä‡≤Ç‡≤°‡≥Å ‡≤®‡≤ø‡≤Æ‡≥ç‡≤Æ ‡≤§‡≤Ç‡≤¶‡≥Ü ‡≤Ö‡≤µ‡≤∞‡≤æ‡≤ó‡≤≤‡≤ø ‡≤®‡≥Ä‡≤µ‡≤æ‡≤ó‡≤≤‡≤ø ‡≤ï‡≤≤‡≥Ü‡≤ó‡≥Ü ‡≤¨‡≥Ü‡≤≤‡≥Ü‡≤Ø‡≤®‡≥ç‡≤®‡≥Å ‡≤Ö‡≤™‡≥á‡≤ï‡≥ç‡≤∑ ‡≤™‡≤°‡≥Ü‡≤¶‡≥Ü ‡≤™‡≤æ‡≤∞‡≤¶‡≤∞‡≥ç‡≤∂‡≤ï‡≤§‡≥Ü ‡≤Ø‡≤≤‡≥ç‡≤≤‡≤ø ‡≤§‡≤æ‡≤µ‡≥Å ‡≤Ö‡≤≠‡≤ø‡≤®‡≤Ø‡≤µ‡≤®‡≥ç‡≤®‡≥Å ‡≤Æ‡≤æ‡≤°‡≥Å‡≤§‡≥ç‡≤§‡≤æ ‡≤¨‡≤Ç‡≤¶‡≤ø‡≤∞‡≥Å‡≤§‡≥ç‡≤§‡≥Ä‡≤∞‡≤ø ‡≤í‡≤Ç‡≤¶‡≥Å ‡≤í‡≤Ç‡≤¶‡≥ä‡≤Ç‡≤¶‡≥Å ‡≤∏‡≤≤ ‡≤®‡≤ø‡≤Æ‡≥ç‡≤Æ ‡≤∏‡≤æ‡≤§‡≥ç‡≤µ‡≤ø‡≤ï‡≤§‡≥Ü ‡≤ó‡≥Ü ‡≤Ü‡≤∞‡≥ç‡≤•‡≤ø‡≤ï‡≤µ‡≤æ‡≤¶ ‡≤π‡≤ø‡≤Ç‡≤ú‡≤∞‡≤ø‡≤§ ‡≤®‡≤ø‡≤Æ‡≥ç‡≤Æ ‡≤Æ‡≤®‡≤∏‡≥ç‡≤∏‡≤ø‡≤ó‡≥Ü ‡≤®‡≥ã‡≤µ‡≤®‡≥ç‡≤®‡≥Å‡≤Ç‡≤ü‡≥Å ‡≤Æ‡≤æ‡≤°‡≥Å‡≤§‡≥ç‡≤§‡≤¶‡≥Ü ‡≤é‡≤≤‡≥ç‡≤≤‡≤µ‡≥Ç ‡≤Æ‡≤£‡≥ç‡≤£‡≥Å ‡≤á‡≤≤‡≥ç‡≤≤‡≤ø‡≤Ç‡≤¶‡≤≤‡≥á ‡≤¨‡≤Ç‡≤¶‡≥Å ‡≤á‡≤≤‡≥ç‡≤≤‡≤ø‡≤ó‡≥Ü ‡≤π‡≥ã‡≤ó‡≥Å‡≤µ‡≥Å‡≤¶‡≥Å ‡≤Ü‡≤§‡≥ç‡≤Æ‡≤∏‡≥ç‡≤•‡≥à‡≤∞‡≥ç‡≤Ø‡≤µ‡≤®‡≥ç‡≤®‡≥Å ‡≤§‡≤Ç‡≤¶‡≥Å‡≤ï‡≥ä‡≤≥‡≥ç‡≤≥‡≤ø ‡≤á‡≤≤‡≥ç‡≤≤‡≤ø ‡≤Ü‡≤§‡≥ç‡≤Æ‡≤µ‡≤ø‡≤≤‡≥ç‡≤≤‡≤¶ ‡≤™‡≥ç‡≤∞‡≥á‡≤§‡≤æ‡≤§‡≥ç‡≤Æ ‡≤∞‡≤Ç‡≤§‡≥Ü ‡≤¨‡≤¶‡≥Å‡≤ï‡≥Å‡≤§‡≥ç‡≤§‡≤ø‡≤¶‡≥ç‡≤¶‡≤æ‡≤∞‡≥Ü ‡≤Ø‡≤æ‡≤µ‡≥Å‡≤¶‡≥Å ‡≤∂‡≤æ‡≤∂‡≥ç‡≤µ‡≤§‡≤µ‡≤≤‡≥ç‡≤≤ ‡≤Ü‡≤§‡≥ç‡≤Æ‡≤®‡≥Å ‡≤∂‡≤æ‡≤∂‡≥ç‡≤µ‡≤§‡≤®‡≤æ ‡≤á‡≤¶‡≤®‡≥ç‡≤® ‡≤∂‡≥ç‡≤∞‡≥Ä‡≤ï‡≥É‡≤∑‡≥ç‡≤£‡≤®‡≥Å ‡≤≠‡≤ó‡≤µ‡≤¶‡≥ç‡≤ó‡≥Ä‡≤§‡≥Ü ‡≤Ø‡≤≤‡≥ç‡≤≤‡≤ø ‡≤π‡≥á‡≤≥‡≤ø‡≤¶‡≥ç‡≤¶‡≤æ‡≤®‡≥Ü,Not_offensive
460,superb superb superb,Offensive_Targeted_Insult_Individual
461,Superb pakka pan India movie aguthe,Not_offensive
462,‡≤ö‡≤®‡≥ç‡≤®‡≤æ‡≤ó‡≤ø‡≤¶‡≥á ‡≤á‡≤¶‡≥Å ‡≤§‡≥ã‡≤ó‡≤∞‡≤ø ‡≤§‡≤ø‡≤™‡≥ç‡≤™‡≤® ‡≤ï‡≤§‡≥Ü,Not_offensive
463,‡§≠‡§æ‡§à ‡§π‡§ø‡§Ç‡§¶‡•Ä ‡§Æ‡•á‡§Ç ‡§ï‡§¨ ‡§Ü‡§Ø‡•á‡§ó‡•Ä,not-Kannada
464,Hands up song full Kirak song,Not_offensive
465,Kapi baddathade super,not-Kannada
466,Vijayprakash sir yavagin haage the bestbut malayalam version voice maathra sakkatth ista aythu,Not_offensive
467,@Sujan Tejas gssgssiweg,not-Kannada
468,@TROLL MONSTER_KANNADA lai dagar fansu jaggu dada flop u kurukshetra flopu tarak flop u,Offensive_Targeted_Insult_Individual
469,Yake Rajkumar families help madilla evrge,Not_offensive
470,@10 R neen hange badko avaginda yaavno balegaara ante avn hesr badkothiddiya.. hogi aa balegaaran tunne unn hogu... Sumne harkollodalla,Not_offensive
471,super song guru,Not_offensive
472,Manikanta.  Yadav. In. Hutti.   S/w.  21/1,Not_offensive
473,Gun mele hands up Anta bardide yelli Anta Heli nodona,Not_offensive
474,Tamil fan super movid,Not_offensive
475,Kalki Avathara(superb song),Not_offensive
476,@Vinay Vn sule maga neenu ade bere ide bere,Not_offensive
477,Trailer nalle full story gottagbidttu...trailer bere tara try madbekittu,Not_offensive
478,huligesh S Santoo H,not-Kannada
479,Dislike madiroru mostly Rashmika Mandanna fans anisuthe.........,Not_offensive
480,Hudgir comment hodadre yast like billatavala,Not_offensive
481,26 M Views,Not_offensive
482,‡≤ö‡≤Ç‡≤¶‡≤®‡≥ç ‡≤∂‡≥Ü‡≤ü‡≥ç‡≤ü‡≤ø ‡≤ü‡≥ç‡≤∞‡≥ä‡≤≤‡≥ç ‡≤µ‡≤ø‡≤°‡≤ø‡≤Ø‡≥ã ‡≤®‡≥Ä‡≤µ‡≥Å ‡≤®‡≥ã‡≤°‡≤ø ‡≤®‡≥Ü‡≤ó‡≤°‡≥ç‡≤°‡≥Ü ‡≤á‡≤¶‡≥ç‡≤∞‡≥Ü ‡≤®‡≤æ‡≤µ‡≥ç ‡≤ó‡≥ç‡≤Ø‡≤æ‡≤∞‡≤Ç‡≤ü‡≤ø,Not_offensive
483,@Kiccha Vitthal ‡≤≤‡≥Ü ‡≤ï‡≥Å‡≤®‡≥ç‡≤®‡≤ø ‡≤ó‡≤≥ ‡≤≤‡≥Å‡≤ö‡≥ç‡≤õ‡≤®‡≥ç ‡≤´‡≥ç‡≤Ø‡≤æ‡≤®‡≥ç‡≤∏‡≥ç keldro mangya nan makla.. ‡≤®‡≤ø‡≤Æ‡≥ç‡≤Æ ‡≤≤‡≥Å‡≤ö‡≥ç‡≤õ‡≤®‡≥ç ‡≤§‡≤∞ ‡≤¨‡≤ï‡≥Ü‡≤ü‡≥ç ‡≤π‡≤ø‡≤°‡≤ø‡≤¶‡≥Å ‡≤¨‡≥á‡≤∞‡≥Ü ‡≤≤‡≥ç‡≤Ø‡≤æ‡≤Ç‡≤ó‡≥ç‡≤µ‡≥á‡≤ú‡≥ç ‡≤Ö‡≤µ‡≥ç‡≤∞‡≤ø‡≤ó‡≥Ü... ‡≤∏‡≥à‡≤°‡≥ç ‡≤∞‡≥ã‡≤≤‡≥ç ‡≤Æ‡≤æ‡≤°‡≤ø‡≤≤‡≥ç‡≤≤... ‡≤Æ‡≥ä‡≤®‡≥ç‡≤®‡≥Ü bigboss trp ‡≤ï‡≤°‡≤ø‡≤Æ‡≥Ü ‡≤Ü‡≤ó‡≤ø‡≤¶‡≥Ü ‡≤Ö‡≤Ç‡≤§‡≤æ ‡≤∏‡≤≤‡≥ç‡≤Æ‡≤æ‡≤®‡≥ç ‡≤ñ‡≤æ‡≤®‡≥ç ‡≤ó‡≥á ‡≤µ‡≤ø‡≤°‡≤ø‡≤Ø‡≥ã ‡≤ï‡≤æ‡≤≤‡≥ç ‡≤Æ‡≤æ‡≤°‡≤µ‡≥ç‡≤∞‡≥Ü... ‡≤ï‡≥Å‡≤ö‡≤®‡≥ç ‡≤ï‡≥à ‡≤á‡≤Ç‡≤¶ ‡≤è‡≤®‡≥Å ‡≤Ü‡≤ó‡≤≤‡≥ç‡≤≤‡≤æ bigboss also flop in trp...,Not_offensive
484,Super meaning song,not-Kannada
485,@White Angel jhah,not-Kannada
486,I love you jentalman  move,Not_offensive
487,Pili g malla selute,not-Kannada
488,@#win 12  sir dia movie super..rumba feel aythu sir.movie nodi.yake entahaha  movie nodi naam janane  belstila..,Not_offensive
489,@Sachin Y S ü§ó,Not_offensive
490,@Rajashekar Khandare ‡≤ï‡≥ç‡≤∞‡≤∑‡≥ç‡≤£‡≤®‡≥á ‡≤∂‡≤æ‡≤™ ‡≤ï‡≥ä‡≤°‡≥Å‡≤µ‡≥Å‡≤¶‡≥Å ...‡≤Æ‡≤Ø‡≥ç‡≤Ø‡≤≤‡≥ç‡≤≤‡≤ø ‡≤ï‡≥Ä‡≤µ‡≥Å ‡≤§‡≥Å‡≤Ç‡≤¨‡≤ø ‡≤ö‡≤ø‡≤∞‡≤Ç‡≤ú‡≥Ä‡≤µ‡≤ø ‡≤Ü‡≤ó‡≤ø ‡≤§‡≤ø‡≤∞‡≥Å‡≤ó‡≤æ‡≤°‡≥Å‡≤§‡≥ç‡≤§‡≤æ ‡≤á‡≤∞‡≥Å ‡≤Ö‡≤Ç‡≤§....,Not_offensive
491,3 days n1.6M viewsn 5.6 commentsnTrending no.1n.ü§îü§îü§î,Not_offensive
492,@Nandi Parthasarathi ‡≤®‡≤Ç‡≤¶‡≤ø‡≤®‡≤ø ‡≤π‡≤æ‡≤≤‡≥Å... ‡≤ï‡≥ä‡≤°‡≥Ü,Not_offensive
493,Hindi me kb realise hogi?,Not_offensive
494,R.N. Laxmi Mahadevl,Not_offensive
495,‡≤§‡≥ä‡≤ó‡≤∞‡≤ø ‡≤§‡≤ø‡≤™‡≥ç‡≤™    ‡≤í‡≤Ç‡≤¶‡≥Å ‡≤ì‡≤≥‡≥ç‡≤≥‡≥á ‡≤ï‡≤•‡≥Ü ‡≤ï‡≤£‡≥ç‡≤∞‡≥Ä,Not_offensive
496,‡≤ó‡≥Å‡≤∞‡≥Å ‡≤á‡≤¶‡≤®‡≥ç‡≤®‡≥Å ‡≤Æ‡≤æ‡≤ß‡≥ç‡≤Ø‡≤Æ‡≤¶‡≤µ‡≤∞‡≥Å ‡≤∏‡≤∞‡≥Ü ‡≤π‡≤ø‡≤°‡≥ç‡≤¶‡≤ø‡≤∞‡≥ã ‡≤¶‡≥É‡≤∂‡≥ç‡≤Ø ‡≤á‡≤¶‡≥ç‡≤∞‡≥Ü ‡≤π‡≤æ‡≤ï‡≥Å ‡≤ó‡≥Å‡≤∞‡≥Å.,Not_offensive
497,‡≤∏‡≥Ç‡≤™‡≤∞‡≥ç ‡≤ü‡≥ç‡≤∞‡≥à‡≤≤‡≤∞‡≥ç ‡≤Ö‡≤≤‡≥ç ‡≤¶‡≤ø ‡≤¨‡≥Ü‡≤∏‡≥ç‡≤ü‡≥ç ‡≤´‡≥ç‡≤∞‡≤Æ‡≥ç ‡≤°‡≤ø ‡≤¨‡≤æ‡≤∏‡≥ç ‡≤´‡≥ç‡≤Ø‡≤æ‡≤®‡≥ç.  ‡≤ú‡≥à ‡≤°‡≤ø ‡≤¨‡≤æ‡≤∏‡≥ç,Not_offensive
498,‡≤ö‡≤Ç‡≤¶‡≤®‡≥ç ‡≤∂‡≥Ü‡≤ü‡≥ç‡≤ü‡≤ø ‡≤ü‡≥ç‡≤∞‡≥ä‡≤≤‡≥ç ‡≤µ‡≤ø‡≤°‡≤ø‡≤Ø‡≥ã ‡≤®‡≥Ä‡≤µ‡≥Å ‡≤®‡≥ã‡≤°‡≤ø ‡≤®‡≥Ü‡≤ó‡≤°‡≥ç‡≤°‡≥Ü ‡≤á‡≤¶‡≥ç‡≤∞‡≥Ü ‡≤®‡≤æ‡≤µ‡≥ç ‡≤ó‡≥ç‡≤Ø‡≤æ‡≤∞‡≤Ç‡≤ü‡≤ø,Not_offensive
499,Unique aagide trailer.. namma kannada film antha proud feel li bere languages frnds gella thorista idini trailer na,Not_offensive
500,Hook step is awesome,Offensive_Targeted_Insult_Individual
501,Hi Chi ugh,Not_offensive
502,Super Kannada  song  mach nanu avane   Kannada,Not_offensive
503,Super pajjuu I am d Boss,Not_offensive
504,time kelidru kelbeku ansutte e song next level song,Not_offensive
505,Adarsh Sagar suppre,Not_offensive
506,Nice movie,Not_offensive
507,@≈î√§v√Æ√±ƒë≈ï√•_02_G√∏Wƒë≈ô√∫ brother one point Nivu movie chennagi nodi BGM ULTI ide,Not_offensive
508,Nannaga thubba bajaru sir‚Äç‚Äç‚Äç‚Äç‚Äç‚Äç‚Äç‚Äç‚Äç‚Äç‚Äç‚Äç,not-Kannada
509,@Manjumani Manjumani howdu bro yelru namavre super nivu,Not_offensive
510,@Nandi Parthasarathi nin Amman sule magane nin number send gandu,Not_offensive
511,‡≤í‡≤Ç‡≤¶‡≥Å ‡≤Ö‡≤∞‡≥ç‡≤•‡≤™‡≥Ç‡≤∞‡≥ç‡≤£ ‡≤ï‡≤•‡≥Ü ‡≤ï‡≤æ‡≤£‡≤ø‡≤∏‡≥Å‡≤µ ‡≤∏‡≥Ç‡≤ö‡≤®‡≥Ü... ‡≤™‡≥ç‡≤∞‡≤Æ‡≥ã‡≤¶‡≤£‡≥ç‡≤£ ‡≤®‡≤ø‡≤ú‡≤ï‡≥ç‡≤ï‡≥Ç ‡≤ú‡≥Ä‡≤µ ‡≤§‡≥Å‡≤Ç‡≤¨‡≥ç‡≤§‡≤æ‡≤∞‡≥Ü,Not_offensive
512,‡≤é‡≤≤‡≥ç‡≤≤‡≤∞‡≤≤‡≥ç‡≤≤‡≥Ç ‡≤°‡≥ç‡≤Ø‡≤æ‡≤®‡≥ç‡≤∏‡≥ç ‡≤Æ‡≤æ‡≤°‡≥Å‡≤µ ‡≤≠‡≤æ‡≤µ‡≤®‡≥Ü ‡≤π‡≥Å‡≤ü‡≥ç‡≤ü‡≤ø‡≤∏‡≥Å‡≤µ ‡≤π‡≤æ‡≤°‡≥Å ‡≤Æ‡≤§‡≥ç‡≤§‡≥Å ‡≤Æ‡≥ç‡≤Ø‡≥Å‡≤∏‡≤ø‡≤ï‡≥ç - ‡≤µ‡≤ø‡≤ú‡≤Ø‡≥ç ‡≤™‡≥ç‡≤∞‡≤ï‡≤æ‡≤∂‡≥ç ‡≤µ‡≥à‡≤∏‡≥ç ‡≤∏‡≥Ç‡≤™‡≤∞‡≥ç,Not_offensive
513,1st view bro,Not_offensive
514,‡≤∞‡≤æ‡≤¨‡≤∞‡≥ç‡≤ü‡≥ç ‡≤´‡≤∏‡≥ç‡≤ü‡≥ç ‡≤≤‡≥Å‡≤ï‡≥ç  ‡≤®‡≥ã‡≤°‡≤ø‡≤¶‡≥ç‡≤¶‡≥Ä‡≤∞‡≤æ ‡≤≤‡≥à‡≤ï‡≥ç ‡≤Æ‡≤æ‡≤°‡≤ø,Not_offensive
515,#ERROR!,not-Kannada
516,‡≤¨‡≥Ü‡≤≥‡≥Ü‡≤ó‡≥ç‡≤ó‡≥Ü‡≤Ø‡≤ø‡≤Ç‡≤¶ ‡≤ï‡≥Ü‡≤≥‡≥ç‡≤§‡≤æ ‡≤á‡≤¶‡≤ø‡≤®‡≤ø ‡≤Ö‡≤¶‡≥ç‡≤∞‡≥Ç‡≤®‡≥Å ‡≤ï‡≥Ü‡≤≥‡≥ç‡≤§‡≤æ‡≤®‡≥Ü ‡≤á‡≤∞‡≥ç‡≤¨‡≥Ü‡≤ï‡≥Å   ‡≤Ö‡≤®‡≥ç‡≤∏‡≥Å‡≤§‡≥ç‡≤§‡≥Ü.....n,not-Kannada
517,Wow super suuuuuper....,Not_offensive
518,ü•∞ spr song ü§òü§òü§òüß°ü•∞ü§´ü§´,Not_offensive
519,‡≤®‡≤Æ‡≥ç‡≤Æ ‡≤¶‡≥á‡≤∂‡≤¶‡≤≤‡≥ç‡≤≤‡≤ø ‡≤∞‡≤æ‡≤ú‡≤ï‡≥Ä‡≤Ø ‡≤™‡≤ï‡≥ç‡≤∑‡≤ó‡≤≥ ‡≤ï‡≤ø‡≤§‡≥ç‡≤§‡≤æ‡≤ü ‡≤ú‡≤æ‡≤∏‡≥ç‡≤§‡≤ø. ‡≤¶‡≥á‡≤∂‡≤ï‡≥ç‡≤ï‡≥Ü ‡≤Ö‡≤µ‡≤∂‡≥ç‡≤Ø‡≤ï‡≤§‡≥Ü ‡≤á‡≤∞‡≥Å‡≤µ ‡≤Ö‡≤≠‡≤ø‡≤µ‡≥É‡≤¶‡≥ç‡≤ß‡≤ø ‡≤ï‡≥Ü‡≤≤‡≤∏ ‡≤Æ‡≤æ‡≤°‡≤≤‡≥Ç ‡≤π‡≥ä‡≤∞‡≤ü‡≤æ‡≤ó ‡≤á‡≤¶‡≤∞‡≤≤‡≥ç‡≤≤‡≤ø ‡≤è‡≤®‡≥Å ‡≤≠‡≥ç‡≤∞‡≤∑‡≥ç‡≤ü‡≤æ‡≤ö‡≤æ‡≤∞ ‡≤á‡≤¶‡≥Ü ‡≤Ö‡≤®‡≥ç‡≤®‡≥ä‡≤Ç‡≤¶‡≥Å.... ‡≤π‡≤æ‡≤ó‡≥á‡≤Ø‡≥Ü ‡≤®‡≤Æ‡≥ç‡≤Æ ‡≤¶‡≥á‡≤∂‡≤¶‡≤≤‡≥ç‡≤≤‡≤ø ‡≤¶‡≥á‡≤∂‡≤¶ ‡≤Ö‡≤≠‡≤ø‡≤µ‡≥É‡≤¶‡≥ç‡≤ß‡≤ø‡≤ó‡≤ø‡≤Ç‡≤§  ‡≤µ‡≥à‡≤Ø‡≤ï‡≥ç‡≤§‡≤ø‡≤ï ‡≤Ö‡≤≠‡≤ø‡≤µ‡≥É‡≤¶‡≥ç‡≤ß‡≤ø ‡≤Æ‡≤æ‡≤°‡≤ø‡≤ï‡≥ä‡≤≥‡≥ç‡≤≥‡≥Å‡≤µ ‡≤µ‡≤∞‡≥Ü ‡≤ú‡≤æ‡≤∏‡≥ç‡≤§‡≤ø( ‡≤≠‡≥ç‡≤∞‡≤∑‡≥ç‡≤ü‡≤æ‡≤ö‡≤æ‡≤∞) ‡≤Æ‡≤ø‡≤§‡≤ø ‡≤Æ‡≥Ä‡≤∞‡≤ø‡≤¶‡≥Ü.. ‡≤§‡≤Ç‡≤§‡≥ç‡≤∞‡≤ú‡≥ç‡≤û‡≤æ‡≤®‡≤¶ ‡≤ï‡≥ä‡≤∞‡≤§‡≥Ü ‡≤ï‡≥Ç‡≤° ‡≤á‡≤¶‡≥Ü. ‡≤Æ‡≥ä‡≤¶‡≤≤‡≥Å ‡≤®‡≤Æ‡≥ç‡≤Æ‡≤≤‡≥ç‡≤≤‡≤ø ‡≤á‡≤∞‡≥Å‡≤µ ‡≤∏‡≤Æ‡≤∏‡≥ç‡≤Ø‡≥Ü‡≤ó‡≤≥‡≤®‡≥ç‡≤®‡≥Å ‡≤™‡≤∞‡≤ø‡≤π‡≤∞‡≤ø‡≤∏‡≤ø‡≤ï‡≥ä‡≤°‡≤∞‡≥Ü ‡≤®‡≤Æ‡≥ç‡≤Æ ‡≤¶‡≥á‡≤∂‡≤¶‡≤≤‡≥ç‡≤≤‡≤ø‡≤Ø‡≥á ‡≤®‡≤Æ‡≤ó‡≥Ü ‡≤¨‡≥á‡≤ï‡≤æ‡≤¶ ‡≤Ö‡≤ó‡≤§‡≥ç‡≤Ø ‡≤µ‡≤∏‡≥ç‡≤§‡≥Å‡≤ó‡≤≥ ‡≤§‡≤Ø‡≤æ‡≤∞‡≤ø‡≤ï‡≤æ ‡≤ï‡≤Ç‡≤™‡≤®‡≤ø‡≤ó‡≤≥‡≥Å ‡≤∏‡≥ç‡≤•‡≤æ‡≤™‡≤ø‡≤∏‡≤¨‡≤π‡≥Å‡≤¶‡≥Å....n‡≤ß‡≤®‡≥ç‡≤Ø‡≤µ‡≤æ‡≤¶‡≤ó‡≤≥‡≥Å ‡≤Ö‡≤£‡≥ç‡≤£,Not_offensive
520,@ashwini p avunu dagar devarakonda,Not_offensive
521,Unlike madirorella d rsmka fans,Not_offensive
522,En song madidiri boss ninne inda 20 sari kelidini innu kelbeku kelbeku antha anstide,Not_offensive
523,super super super,not-Kannada
524,2.07 reminds I'm villain song,Not_offensive
525,‡≤á‡≤®‡≥ç‡≤®‡≥Å ‡≤ü‡≤ø‡≤ï‡≥ç ‡≤ü‡≤æ‡≤ï‡≥ç ‡≤Æ‡≤æ‡≤°‡≥ã ‡≤ö‡≥Ç‡≤§‡≥ç‡≤Ø‡≤æ ‡≤∏‡≥Ç‡≤≥‡≥Ü ‡≤Æ‡≤ï‡≥ç‡≤ï‡≤≥‡≤ø‡≤ó‡≥Ü ‡≤Ö‡≤°‡≥ç‡≤°‡≤°‡≥ç‡≤°‡≤æ ‡≤ï‡≤ü‡≥ç ‡≤Æ‡≤æ‡≤°‡≥ç‡≤¨‡≥á‡≤ï‡≥Å,Not_offensive
526,Ondu olle movie na theater nalli nodoke miss maadkonde......,Not_offensive
527,‡≤ó‡≥Å‡≤∞‡≥Å ‡≤®‡≤ø‡≤®‡≥ç‡≤® ‡≤ó‡≥ä‡≤∏‡≥ç‡≤ï‡≤∞ ‡≤Æ‡≥Ç‡≤µ‡≤ø‡≤® ‡≤®‡≥ã‡≤°‡≥ç‡≤≤‡≤ø‡≤≤‡≥ç‡≤≤ ‡≤Ö‡≤Ç‡≤¶‡≥ç‡≤∞‡≥Å ‡≤∞‡≤∂‡≥ç‡≤Æ‡≤ø‡≤ï‡≤æ ‡≤Æ‡≤Ç‡≤¶‡≤£‡≥ç‡≤£‡≤≥ ‡≤ó‡≥ä‡≤∏‡≥ç‡≤ï‡≤∞ ‡≤®‡≥ã‡≤°‡≥ç‡≤§‡≤ø‡≤®‡≤ønn‡≤ú‡≥à ASN,Not_offensive
528,‡≤¨‡≥Ü‡≤≥‡≥Ü‡≤¶‡≥Å ‡≤®‡≤ø‡≤Ç‡≤§‡≤ø‡≤∞‡≥ã ‡≤í‡≤¨‡≥ç‡≤¨ ‡≤Æ‡≤ó ‡≤á‡≤¶‡≥ç‡≤¶‡≤æ‡≤∞‡≥Ü ‡≤Ö‡≤≤‡≥ç‡≤µ‡≤æ ‡≤∏‡≤∞‡≥ç ‡≤®‡≤ø‡≤Æ‡≤ó‡≥Ü? ‡≤Ü‡≤¶‡≥ç‡≤∞‡≥Ç ‡≤á‡≤∑‡≥ç‡≤ü‡≥Å ‡≤ï‡≤∑‡≥ç‡≤ü ‡≤™‡≤°‡≥ç‡≤§‡≤æ ‡≤á‡≤¶‡≥ç‡≤¶‡≥Ä‡≤∞ ‡≤∏‡≥ç‡≤µ‡≤æ‡≤µ‡≤≤‡≤Ç‡≤¨‡≤ø ‡≤Ü‡≤ó‡≤ø‡≤∞‡≥ç‡≤§‡≥Ä‡≤®‡≤ø ‡≤Ö‡≤Ç‡≤§ ‡≤®‡≥Ä‡≤µ‡≥Å ‡≤ó‡≥ç‡≤∞‡≥á‡≤ü‡≥ç ‡≤∏‡≤∞‡≥ç,Not_offensive
529,Making is so different & good workout,Offensive_Targeted_Insult_Individual
530,super rock song,Not_offensive
531,Naavu maduvakelasa Namma athmabhimanakke dakke baradanthe badukuvude hemmepadabekada vishayaviddare Hat's off you congratulations,Not_offensive
532,Spr song guruuu,Not_offensive
533,‡≤ö‡≥Ä‡≤®‡≤æ ‡≤®‡≤ø‡≤ú‡≤µ‡≤æ‡≤¶ ‡≤ï‡≤Æ‡≥ç‡≤Ø‡≥Ç‡≤®‡≤ø‡≤∏‡≥ç‡≤ü‡≥ç ‡≤∞‡≤æ‡≤∑‡≥ç‡≤ü‡≥ç‡≤∞ ‡≤Ü‡≤¶‡≤∞‡≥Ü ‡≤Ü‡≤≤‡≥ç‡≤≤‡≤ø‡≤® ‡≤ï‡≤æ‡≤®‡≥Ç‡≤®‡≥Å  ‡≤π‡≤æ‡≤ó‡≤ø‡≤≤‡≥ç‡≤≤ ‡≤Ü‡≤¶‡≤∞‡≥Ü ‡≤®‡≤Æ‡≥ç‡≤Æ‡≤¶‡≥á‡≤∂ ‡≤∏‡≥ç‡≤µ‡≤§‡≤Ç‡≤§‡≥ç‡≤∞ ‡≤¶‡≥á‡≤∂ ‡≤Ü‡≤¶‡≤∞‡≥Ü ‡≤ï‡≤æ‡≤®‡≥Ç‡≤®‡≥Å ‡≤®‡≤ï‡≥ç‡≤∏‡≤≤‡≤ø ‡≤ï‡≤æ‡≤®‡≥Ç‡≤® ‡≤¶‡≥Å‡≤°‡≤ø‡≤Ø‡≥Å‡≤µ‡≤µ‡≤® ‡≤¨‡≤≥‡≤ø ‡≤ï‡≤ø‡≤§‡≥ç‡≤§‡≥Å ‡≤ï‡≥Å‡≤≥‡≤ø‡≤§ ‡≤∏‡≥ä‡≤Ç‡≤¨‡≥á‡≤∞‡≤ø‡≤ó‡≤≥ ‡≤∏‡≤æ‡≤ï‡≥Å‡≤µ ‡≤Æ‡≤π‡≤æ‡≤®‡≥ç ‡≤¶‡≤æ‡≤∞‡≤æ‡≤≥ ‡≤¶‡≥Å‡≤∞‡≤¨‡≥Å‡≤¶‡≥ç‡≤¶‡≤ø‡≤Ø ‡≤∞‡≤æ‡≤∑‡≥ç‡≤ü‡≥ç‡≤∞ ‡≤®‡≤Æ‡≥ç‡≤Æ  ‡≤≠‡≤æ‡≤∞‡≤§... ‡≤á‡≤≤‡≥ç‡≤≤‡≤ø  ‡≤¨‡≤ø‡≤ü‡≥ç‡≤ü‡≤ø ‡≤Ö‡≤ï‡≥ç‡≤ï‡≤ø ‡≤¨‡≤ø‡≤ü‡≥ç‡≤ü‡≤ø ‡≤¶‡≤ø‡≤®‡≤∏‡≤ø ‡≤¨‡≤ø‡≤ü‡≥ç‡≤ü‡≤ø TV  ‡≤Æ‡≤ø‡≤ï‡≥ç‡≤∏‡≤ø ‡≤é‡≤≤‡≥ç‡≤≤‡≤æ ‡≤∏‡≤∞‡≥ç‡≤ï‡≤æ‡≤∞‡≤µ‡≥á ‡≤ï‡≥ä‡≤°‡≥Å‡≤§‡≥ç‡≤§‡≥Ü ‡≤®‡≤æ‡≤µ‡≥Å‡≤ó‡≤≥‡≥Å ‡≤¨‡≤∞‡≤ø ‡≤π‡≥Ü‡≤£‡≥ç‡≤£‡≥Å ‡≤®‡≥ã‡≤°‡≤ø‡≤ï‡≥ä‡≤Ç‡≤°‡≥Å ‡≤Æ‡≤¶‡≥Å‡≤µ‡≥Ü ‡≤Ü‡≤ó‡≤ø ‡≤Æ‡≤ï‡≥ç‡≤ï‡≤≥‡≥Å  ‡≤π‡≥Å‡≤ü‡≥ç‡≤ü‡≤ø‡≤∏‡≤ø‡≤¶‡≤∞‡≥Ü ‡≤∏‡≤æ‡≤ï‡≥Å ‡≤Æ‡≤§‡≥ç‡≤§‡≥Ü  ‡≤Ü ‡≤Æ‡≤ï‡≥ç‡≤ï‡≤≥‡≤®‡≥ç‡≤®‡≥Ç ‡≤®‡≤Æ‡≥ç‡≤Æ  ‡≤¶‡≥á‡≤∂‡≤¶ ‡≤Ü‡≤°‡≤≥‡≤ø‡≤§ ‡≤∏‡≤∞‡≥ç‡≤ï‡≤æ‡≤∞‡≤ó‡≤≥‡≥Å ‡≤∏‡≤æ‡≤ï‡≤ø‡≤ï‡≥ä‡≤≥‡≥ç‡≤≥‡≥Å‡≤§‡≥ç‡≤§‡≤µ‡≥Ü ‡≤è‡≤ï‡≥Ü‡≤Ç‡≤¶‡≤∞‡≥Ü  ‡≤Ö‡≤¶‡≥Å ‡≤≠‡≤µ‡≤ø‡≤∑‡≥ç‡≤Ø‡≤¶ ‡≤ì‡≤ü‡≥Å.... n‡≤≠‡≤æ‡≤∞‡≤§ ‡≤á‡≤Ç‡≤•‡≤π ‡≤®‡≥Ä‡≤ö ‡≤Æ‡≤®‡≤∏‡≥ç‡≤•‡≤ø‡≤§‡≤ø‡≤Ø‡≤ø‡≤Ç‡≤¶ ‡≤π‡≥ä‡≤∞‡≤¨‡≤Ç‡≤¶‡≥Å  ‡≤Ø‡≥Å‡≤µ ‡≤ú‡≤®‡≤§‡≥Ü‡≤ó‡≥Ü ‡≤∂‡≥ç‡≤∞‡≤Æ‡≤µ‡≤π‡≤ø‡≤∏‡≤ø ‡≤¶‡≥Å‡≤°‡≤ø‡≤Ø‡≥ä‡≤¶‡≥Å ‡≤ï‡≤≤‡≤ø‡≤∏‡≤¶‡≤ø‡≤¶‡≥ç‡≤¶‡≤∞‡≥Ü ‡≤à ‡≤¶‡≥á‡≤∂ ‡≤≠‡≤ø‡≤ï‡≥ç‡≤∑‡≥Å‡≤ï‡≤∞ ‡≤®‡≤æ‡≤°‡≤æ‡≤ó‡≥Å‡≤§‡≥ç‡≤§‡≥Ü... n‡≤∏‡≥ä‡≤Ç‡≤¨‡≥á‡≤∞‡≤ø‡≤ó‡≤≥ ‡≤Æ‡≤π‡≤æ‡≤®‡≥ç ‡≤≠‡≤æ‡≤∞‡≤§...,Not_offensive
534,Supar appu annan fans like madi,Not_offensive
535,Dia mathu adhi e chitrada aathmagalu yakandre,Not_offensive
536,‡≤ï‡≥á‡≤≥‡≥ç‡≤§‡≤æ ‡≤ï‡≥á‡≤≥‡≥ç‡≤§‡≤æ,Not_offensive
537,‡≤∞‡≤æ‡≤Æ ‡≤∞‡≤æ‡≤Æ ‡≤§‡≥Å‡≤∏‡≥Å ‡≤¶‡≤ï‡≥ç‡≤∑ ‡≤µ‡≥É‡≤™ ‡≤ú‡≤æ‡≤∞‡≤ø‡≤™,not-Kannada
538,‡≤á‡≤¶‡≥Å...‡≤á‡≤¶‡≥Å...‡≤Ü‡≥ç‡≤Ø‡≤ï‡≥ç‡≤ö‡≥Å‡≤≤‡≤ø ‡≤ö‡≥Ü‡≤®‡≥ç‡≤®‡≤æ‡≤ó‡≤ø‡≤∞‡≥ã‡≤¶‡≥Å ..n‡≤Ø‡≤æ‡≤µ..‡≤¨‡≤æ‡≤≤‡≤ø‡≤µ‡≥Å‡≤°‡≥ç.. ‡≤π‡≤æ‡≤≤‡≤ø‡≤µ‡≥Å‡≤°‡≥ç..‡≤Æ‡≥Ü‡≤∞‡≥Ü‡≤¶‡≤ø‡≤¶‡≥ç‡≤¶‡≤∞‡≥ã ‡≤ï‡≤£‡≥ç‡≤£‡≥Å ‡≤¨‡≥Å‡≤ü‡≥ç‡≤ü‡≤ø ‡≤∏‡≥ç‡≤µ‡≤≤‡≥ç‡≤™ ‡≤®‡≥ã‡≤°‡≥ç‡≤∞‡≥ã,Not_offensive
539,@chetan kumarab nan ning alla guru helidhu....,Offensive_Targeted_Insult_Individual
540,‡≤∏‡≤ï‡≥ç‡≤ï‡≤§‡≥ç creatviity ‡≤Æ‡≥ç‡≤Ø‡≥Ç‡≤∏‡≤ø‡≤ï‡≥ç,Not_offensive
541,‡≤∞‡≤ï‡≥ç‡≤∑‡≤ø‡≤§‡≥ç ‡≤Ö‡≤£‡≥ç‡≤£‡≤æ ‡≤®‡≥ç‡≤Ø‡≤æ‡≤∑‡≤®‡≤≤‡≥ç ‡≤∏‡≥ç‡≤ü‡≤æ‡≤∞‡≥ç ‡≤Ü‡≤ó‡≥ã‡≤¶‡≥Å ‡≤™‡≤ï‡≥ç‡≤ï‡≤æ ‡≤è‡≤®‡≥ç ‡≤∏‡≤æ‡≤Ç‡≤ó‡≥ç ‡≤∏‡≥Ç‡≤™‡≤∞‡≥ç ‡≤¨‡≤ø‡≤ú‡≤ø‡≤Æ‡≥ç ‡≤≤‡≤ø‡≤∞‡≤ø‡≤ï‡≥ç‡≤∏‡≥ç ‡≤∏‡≥Ç‡≤™‡≤∞‡≥ç ‡≤∏‡≤æ‡≤Ç‡≤ó‡≥ç ‡≤∏‡≥Ç‡≤™‡≤∞‡≥ç ‡≤Ü‡≤≤‡≥ç ‡≤¶‡≥Ä ‡≤¨‡≥Ü‡≤∏‡≥ç‡≤ü‡≥ç,Not_offensive
542,It's like Good bad weird,not-Kannada
543,@Anil A Sir Making,Not_offensive
544,Naan sigappu manithan Vishal,Not_offensive
545,Sara super Nivu devara tara yallaratara duddide shinamadavaratra nimmatra holleya manasidde sara,Not_offensive
546,Uthama vaada preyathna,not-Kannada
547,‡≤®‡≤Æ‡≥ç‡≤Æ ‡≤¨‡≤æ‡≤∏‡≥ç ‡≤µ‡≤ø‡≤∑‡≥ç‡≤£‡≥Å‡≤µ‡≤∞‡≥ç‡≤ß‡≤®‡≥ç ‡≤Ö‡≤µ‡≤∞‡≤ø‡≤ó‡≥Ü ‡≤í‡≤Ç‡≤¶‡≥Å ‡≤¶‡≤ø‡≤® ‡≤™‡≤∞‡≤∏‡≥ç‡≤•‡≤ø‡≤§‡≤ø ‡≤¨‡≤Ç‡≤¶‡≤ø‡≤§‡≥ç‡≤§‡≥Å ‡≤Ö‡≤µ‡≤∞ ‡≤ö‡≤ø‡≤§‡≥ç‡≤∞‡≤ó‡≤≥ ‡≤∏‡≤§‡≤§‡≤µ‡≤æ‡≤ó‡≤ø ‡≤∏‡≥ã‡≤≤‡≥Å‡≤®‡≥ç‡≤®‡≥Å ‡≤ï‡≤Ç‡≤°‡≤µ‡≥Å ‡≤Æ‡≤®‡≥Ü‡≤Ø‡≤≤‡≥ç‡≤≤‡≤ø ‡≤π‡≥á‡≤≥‡≤ø‡≤¶‡≤∞‡≤Ç‡≤§‡≥Ü ‡≤®‡≤®‡≤ó‡≥Ü ‡≤°‡≥ç‡≤∞‡≥à‡≤µ‡≤ø‡≤Ç‡≤ó‡≥ç ‡≤¨‡≤∞‡≤§‡≥ç‡≤§‡≥Ü ‡≤®‡≤æ‡≤®‡≥Å ‡≤°‡≥ç‡≤∞‡≥à‡≤µ‡≤ø‡≤Ç‡≤ó‡≥ç ‡≤¨‡≤∞‡≤§‡≥ç‡≤§‡≥Ü ‡≤°‡≥ç‡≤∞‡≥à‡≤µ‡≤ø‡≤Ç‡≤∞‡≤æ‡≤ó‡≤ø ‡≤∏‡≥á‡≤∞‡≥Å‡≤§‡≥ç‡≤§‡≥á‡≤®‡≥Ü ‡≤Ö‡≤Ç‡≤¶‡≤∞‡≥Å,Not_offensive
548,Why only tik tok ‡≤Ö‡≤®‡≥ç‡≤®‡≥ã ‡≤§‡≥Å‡≤ï‡≤æ‡≤≤‡≤ø ‡≤® ‡≤ö‡≥à‡≤®‡≤æ ‡≤ó‡≥Ü ‡≤ï‡≤≥‡≤ø‡≤∏‡≤ø ‡≤Ö‡≤µ‡≥ç‡≤≥‡≥Å ‡≤ï‡≥Ç‡≤° ‡≤ö‡≥à‡≤®‡≥Ä‡≤∏‡≥ç ‡≤¨‡≥ç‡≤∞‡≥Ä‡≤°‡≥ç ‡≤á‡≤∞‡≥ç‡≤¨‡≥á‡≤ï‡≥Å,Not_offensive
549,Teligramli  HD bittidane  sir so yaru  baralla....,Not_offensive
550,‡≤Æ‡≥ä‡≤¶‡≤≤‡≥Å ‡≤®‡≤ø‡≤®‡≥ç‡≤® ‡≤ó‡≥Å‡≤≤‡≤æ‡≤Æ‡≥Å ‡≤ú‡≤æ‡≤Æ‡≥ç ‡≤¨‡≤ø‡≤¶‡≥ç‡≤¶‡≤ø‡≤¶‡≥ç‡≤¶ ‡≤®‡≥ã‡≤°‡≥Å,Not_offensive
551,Swalpa jasti bildup ayitu annisutte.,not-Kannada
552,@Kalki Kali yuga yavag naasha maadtiyo kalkiü§£ü§£,not-Kannada
553,Super movie nim movie all time record agbeku  uppi fans,Not_offensive
554,@Creative Kannadiga ‡≤Ø‡≤æ‡≤ï‡≥Ü ‡≤π‡≥Ä‡≤∞‡≥ã ‡≤π‡≥Ä‡≤∞‡≥ã‡≤Ø‡≤ø‡≤®‡≥ç ‡≤ó‡≤≥‡≤ø‡≤ó‡≥Ü ‡≤Æ‡≤æ‡≤§‡≥ç‡≤∞ ‡≤Ö‡≤≠‡≤ø‡≤Æ‡≤æ‡≤®‡≤ø ‡≤Ü‡≤ó‡≥ç‡≤¨‡≥á‡≤ï ‡≤®‡≤æ‡≤µ‡≥ç ‡≤ü‡≥ç‡≤Ø‡≤æ‡≤≤‡≥Ü‡≤Ç‡≤ü‡≥ç ‡≤ó‡≥Ü ‡≤¨‡≥Ü‡≤≤‡≥Ü ‡≤ï‡≥ä‡≤°‡≥ç‡≤§‡≥Ä‡≤µ‡≤ø ‡≤Ö‡≤£‡≥ç‡≤£ ‡≤®‡≤ø‡≤Æ‡≤ó‡≥Ü ‡≤ü‡≥ç‡≤Ø‡≤æ‡≤≤‡≥Ü‡≤Ç‡≤ü‡≥ç ‡≤á‡≤¶‡≥Ü ‡≤Ö‡≤¶‡≤ø‡≤ï‡≥ç‡≤ï‡≥Ü ‡≤®‡≤Æ‡≤ó‡≥Ü ‡≤Ö‡≤≠‡≤ø‡≤Æ‡≤æ‡≤® ‡≤á‡≤¶‡≥Ü ‡≤Ö‡≤∑‡≥ç‡≤ü‡≥áü•∞,Not_offensive
555,@Manohar Hiremath ‡≤®‡≥Ä‡≤®‡≥ç‡≤§‡≤æ‡≤®‡≥Ü ‡≤â‡≤∞‡≥ç‡≤ï‡≥ä‡≤Ç‡≤°‡≥Å ‡≤§‡≤°‡≥ç‡≤ï‡≤≥‡≥ç‡≤≥‡≥ä‡≤ï‡≥ç‡≤ï‡≥Ü ‡≤Ü‡≤ó‡≥ç‡≤§‡≤æ‡≤Ø‡≤ø‡≤≤‡≥ç‡≤µ‡≤≤‡≥ç‡≤≤ ‡≤π‡≤ö‡≥ç‡≤ï‡≥ä,not-Kannada
556,‡≤Ø‡≤æ‡≤ï‡≥Ü ‡≤ö‡≥Ü‡≤®‡≥ç‡≤®‡≤æ‡≤ó‡≤ø ‡≤á‡≤≤‡≥ç‡≤≤ .,Offensive_Targeted_Insult_Individual
557,Nev helerodu tappe illa sir,Not_offensive
558,Nam salwagi kadiyali eddu kasta padtare army dauaru  but ewrige tiktok du hatide thunima  India dali edre India jana hage erli thoo nima chanagi matadiya anna tq,Not_offensive
559,Slow poisoning song,not-Kannada
560,Simple stara supera,Not_offensive
561,Nam boss supero super,Not_offensive
562,‡≤®‡≤ø‡≤ú‡≤µ‡≤æ‡≤¶ ‡≤ï‡≤®‡≥ç‡≤®‡≤° ‡≤∏‡≤ø‡≤®‡≤ø ‡≤™‡≥ç‡≤∞‡≥á‡≤Æ‡≤ø ‡≤á‡≤¶‡≤®‡≥ç‡≤®‡≥Å,Not_offensive
563,bro troll sakkattagi madtira...,Not_offensive
564,NEW KANNADA FEMALE VERSION SONGn,Not_offensive
565,This song is similar to swag se karenge sabka swagat!!,Not_offensive
566,Once again again,not-Kannada
567,‡≤á‡≤¶‡≥Å ‡≤ö‡≤∞‡≤ø‡≤§‡≥ç‡≤∞‡≥Ü ‡≤∏‡≥É‡≤∑‡≥ç‡≤ü‡≤ø‡≤∏‡≥ä ‡≤Ö‡≤µ‡≤§‡≤æ‡≤∞....,Not_offensive
568,‡≤à ‡≤π‡≤æ‡≤°‡≥Å ‡≤∞‡≤∂‡≥ç‡≤Æ‡≤ø‡≤ï ‡≤Æ‡≤Ç‡≤ó‡≤£‡≥ç‡≤£‡≤®‡≤µ‡≤∞‡≤ø‡≤ó‡≥Ü ‡≤Ö‡≤∞‡≥ç‡≤™‡≤£‡≥Ü ü§ó,Not_offensive
569,Wahoo super n2020 ‡≤µ‡≤∞‡≥ç‡≤∑ n‡≤á‡≤¶‡≥Å ‡≤ö‡≤∞‡≤ø‡≤§‡≥ç‡≤∞‡≥Ü ‡≤∏‡≥É‡≤∑‡≥ç‡≤ü‡≤ø ‡≤∏‡≥ã ‡≤Ö‡≤µ‡≤§‡≤æ‡≤∞,Not_offensive
570,Super blockbuster video song,Not_offensive
571,Bollywood range nali ide super songü§î,Not_offensive
572,TikTok nan shata,Offensive_Targeted_Insult_Individual
573,But marketingu money spend maadbeku low budget eddaga kasta agutte,Not_offensive
574,@faizal khan wr u r from??,Not_offensive
575,Alok Khr Nikhil Annan acting ge kodtare,Not_offensive
576,Actually idu chenagirodu,Not_offensive
577,‡≤á‡≤¶‡≥Å ‡≤ö‡≤∞‡≤ø‡≤§‡≥ç‡≤∞‡≥Ü ‡≤∏‡≥É‡≤∑‡≥ç‡≤ü‡≤ø‡≤∏‡≥ã ‡≤ö‡≤ø‡≤§‡≥ç‡≤∞ ‡≤Ö‡≤®‡≥ç‡≤®‡≥ã‡≤∞‡≥Å ‡≤≤‡≥à‡≤ï‡≥ç ‡≤Æ‡≤æ‡≤°‡≤ø,Not_offensive
578,Guru nim voice nim creativity dailogs galu suuuuuuuuuuuuuuuuuuuuuuuuuper,Not_offensive
579,‡≤µ‡≤ø‡≤ú‡≤Ø‡≥ç  ‡≤™‡≥ç‡≤∞‡≤ï‡≤æ‡≤∂‡≥ç ‡≤Ö‡≤µ‡≤∞ ‡≤ß‡≥ç‡≤µ‡≤®‡≤ø ‡≤∏‡≥Ç‡≤™‡≤∞‡≥ç,Not_offensive
580,‡≤ï‡≤®‡≥ç‡≤®‡≤° ‡≤π‡≤æ‡≤°‡≥Å ‡≤µ‡≤æ‡≤µ‡≥ç ‡≤è‡≤®‡≥ç ‡≤∏‡≤ï‡≥ç‡≤ï‡≤§‡≥ç‡≤§‡≤æ‡≤ó‡≤ø ‡≤ú‡≥à ‡≤ï‡≤∞‡≥ç‡≤®‡≤æ‡≤ü‡≤ï ‡≤Æ‡≤æ‡≤§‡≥Ü,Not_offensive
581,@≈î√§v√Æ√±ƒë≈ï√•_02_G√∏Wƒë≈ô√∫ ‡≤è‡≤® ‡≤®‡≤ø‡≤Ç‡≤¶‡≥Å ‡≤Æ‡≥Å‡≤ï‡≥Å‡≤≥‡≥ç‡≤Ø,Not_offensive
582,‡≤®‡≤Ø‡≤µ‡≤æ‡≤¶  ‡≤Æ‡≤æ‡≤§‡≥Å‡≤ó‡≤≥‡≥Å  ‡≤®‡≥Ä‡≤µ‡≥Å ‡≤ö‡≥á‡≤®‡≥ç‡≤®‡≤æ‡≤ó‡≤ø n‡≤á‡≤∞‡≤¨‡≥á‡≤ï‡≥Å ‡≤∏‡≤æ‡≤∞‡≥ç,Not_offensive
583,ü•∞ü•∞ü•∞ü•∞ü•∞ü•∞.   nSemaya irruku song......,Not_offensive
584,@JustAn Opinion ninu Tika mucchu...Evattu Kannada industry Andhre idii India ge gottirodhu DR RAJKUMAR..,Not_offensive
585,Maga super song,Not_offensive
586,@satishnithyanandam  le murkha  nin rajkumar movie nodu ogu .compare madila helid aste kano konga..nbgm  gu songs vyatyasa gotta ninge.nnin hamsalekha songs kelu,Not_offensive
587,‡≤Ö‡≤™‡≥ç‡≤™‡≤ü ‡≤ï‡≤®‡≥ç‡≤®‡≤° ‡≤ö‡≤ø‡≤§‡≥ç‡≤∞ ‡≤∏‡≥Ç‡≤™‡≤∞‡≥ç,Not_offensive
588,Nijwaglu neewe crt agii promotion madila,Not_offensive
589,Super bro,not-Kannada
590,Nice d ‡≤¨‡≤æ‡≤∏‡≥ç ‡≤Ö‡≤≠‡≤ø‡≤Æ‡≤æ‡≤®‡≤ø,Not_offensive
591,@Nandi Parthasarathi ‡≤®‡≤Ç‡≤¶‡≤ø‡≤®‡≤ø ‡≤®‡≤Ç‡≤¶‡≤ø‡≤®‡≤ø ‡≤®‡≤ø‡≤®‡≥ç ‡≤π‡≤æ‡≤≤‡≥Å... ‡≤∏‡≥ç‡≤Æ‡≥Ü‡≤≤‡≥ç ‡≤¨‡≤∞‡≥ç‡≤§‡≤æ ‡≤á‡≤¶‡≥á,Not_offensive
592,Pakka Anna Nivu helidu pakka nija,Not_offensive
593,Tamil Vishal dubbing,Not_offensive
594,Account details kodi sir.... Love you  love you  love you,Not_offensive
595,Yes producer du number kodi phone pay madbeku.,Not_offensive
596,Vijaya prakash sir voice,Not_offensive
597,K. BOOS.,Not_offensive
598,Tik tak best app,Not_offensive
599,Super,not-Kannada
600,Super amazing if u like rakshith shetty like,Not_offensive
601,Wonderfull Song...n‡≤é‡≤∑‡≥ç‡≤ü‡≥Å ‡≤∏‡≤≤ ‡≤ï‡≥á‡≤≥‡≤ø‡≤¶‡≤∞‡≥Å... n‡≤Æ‡≥ã‡≤¨‡≥à‡≤≤‡≥ç ‡≤¨‡≥ç‡≤Ø‡≤æ‡≤ü‡≤∞‡≤ø ‡≤ï‡≤°‡≤ø‡≤Æ‡≥Ü‡≤Ø‡≤æ‡≤ó‡≥Å‡≤§‡≥ç‡≤§‡≤¶‡≥Ü ‡≤π‡≥ä‡≤∞‡≤§‡≥Å ‡≤π‡≤æ‡≤°‡≥Å ‡≤¨‡≥á‡≤ú‡≤æ‡≤∞‡≤æ‡≤ó‡≤≤‡≤æ‡≤∞‡≤¶‡≥Å...n‡≤™‡≥Å‡≤£‡≥ç‡≤Ø‡≤æ‡≤§‡≥ç‡≤Æ‡≤∞ ‡≤ï‡≤æ‡≤∞‡≤£‡≤µ‡≤ø‡≤≤‡≥ç‡≤≤‡≤¶‡≥Ü ‡≤°‡≤ø‡≤∏‡≥ç‡≤≤‡≥à‡≤ï‡≥ç ‡≤í‡≤§‡≥ç‡≤§‡≤¨‡≥á‡≤°‡≤øn‡≤è‡≤®‡≤ø‡≤¶‡≥Ü ‡≤á‡≤∑‡≥ç‡≤ü‡≤µ‡≤æ‡≤ó‡≤¶‡≥ç‡≤¶‡≥Å ‡≤á‡≤¶‡≤∞‡≤≤‡≥ç‡≤≤‡≤ø...nAll The Best ASN Team...,Not_offensive
602,@Manohar Hiremath ‡≤®‡≥ã‡≤°‡≥Å‡≤¶‡≥ç‡≤∞‡≥Ü ‡≤ó‡≥ä‡≤§‡≥ç‡≤§‡≤æ‡≤ó‡≤≤‡≥ç‡≤µ ‡≤é‡≤∑‡≥ç‡≤ü‡≥Å ‡≤â‡≤∞‡≥ç‡≤ï‡≥ä‡≤Ç‡≤°‡≤ø‡≤¶‡≥ç‡≤¶‡≥Ä‡≤Ø,Not_offensive
603,@TROLL MONSTER_KANNADA nin Amman sule maga me Yello majestic Alli,Offensive_Targeted_Insult_Individual
604,‡≤∏‡≥Ç‡≤™‡≤∞‡≥ç ‡≤¨‡≥ç‡≤∞‡≤¶‡≤∞‡≥ç ‡≤ö‡≤®‡≥ç‡≤®‡≤æ‡≤ó‡≤ø ‡≤Ø‡≥Å‡≤ó‡≥ç‡≤≤‡≤ø‡≤¶‡≤ø‡≤∞ ‡≤¨‡≥á‡≤µ‡≤∞‡≥ç‡≤∏‡≤ø ‡≤®‡≤®‡≥ç ‡≤Æ‡≤ï‡≥ç‡≤≥‡≤®‡≥ç‡≤®,not-Kannada
605,@vinay vinu  Hindu Muslim Cristian etc etc... Yella naav naav madkondirodu. Yella manushyaru onde,Not_offensive
606,‡≤®‡≤®‡≤ó‡≥á‡≤®‡≥ã ‡≤∞‡≤ï‡≥ç‡≤∑‡≤ø‡≤§‡≥ç ‡≤∂‡≥Ü‡≤ü‡≥ç‡≤ü‡≤ø ‡≤∂‡≤Ç‡≤ï‡≤∞‡≥ç‡≤®‡≤æ‡≤ó‡≥ç ‡≤∏‡≤∞‡≥ç ‡≤§‡≤∞‡≤æ‡≤®‡≥á ‡≤ï‡≤æ‡≤£‡≤ø‡≤∏‡≥Å‡≤§‡≥ç‡≤§‡≤æ‡≤∞‡≥Ü ü§©,Not_offensive
607,@suresh surya tq sir,not-Kannada
608,Pakkar agidhe .......song,Not_offensive
609,‡≤Ö‡≤¶‡≥ç‡≤¨‡≥Å‡≤§ n‡≤Ö‡≤§‡≥ç‡≤Ø‡≤¶‡≥ç‡≤≠‡≥Å‡≤§ n‡≤á‡≤¶‡≥ç ‡≤´‡≤ø‡≤≤‡≤Ç ‡≤Ö‡≤Ç‡≤¶‡≥ç‡≤∞‡≥á n‡≤¨‡≤ü‡≥ç ‡≤®‡≤Æ‡≥ç‡≤Æ‡≤µ‡≥ç‡≤∞‡≥Å ‡≤ó‡≥Ü‡≤≤‡≥ç‡≤≤‡≤ø‡≤∏‡≤≤‡≥ç‡≤≤‡≤æ,Not_offensive
610,Shankar Patil siddun6362323307n1984nSGGID,Not_offensive
611,Yakandre sariyagi promotion madilla,Not_offensive
612,Idu kgf beat madutte annoru like here,Not_offensive
613,15 million views,Not_offensive
614,‡≤Ö‡≤£‡≥ç‡≤£‡≤Ø‡≥ç‡≤Ø ‡≤∏‡≥Ç‡≤™‡≤∞‡≥ç ‡≤®‡≥Ä‡≤®‡≥Å ‡≤ö‡≤ø‡≤Ç‡≤¶‡≤ø,Not_offensive
615,‡≤à‡≤ó‡≤ø‡≤® ‡≤¨‡≤ø‡≤ú‡≤ø ‡≤ï‡≥Ü‡≤≤‡≤∏‡≤ó‡≤≥‡≤≤‡≥ç‡≤≤‡≤ø  ‡≤∏‡≤Æ‡≤Ø  ‡≤¶‡≥ä‡≤∞‡≥Ü‡≤Ø‡≤¶‡≥Ü ‡≤∏‡≤ø‡≤®‡≤ø‡≤Æ‡≤æ ‡≤ó‡≤≥‡≤®‡≥ç‡≤®‡≥Å ‡≤•‡≤ø‡≤Ø‡≥á‡≤ü‡≤∞‡≥ç ‡≤ó‡≤≥‡≤≤‡≥ç‡≤≤‡≤ø ‡≤®‡≥ã‡≤°‡≤≤‡≥Å ‡≤∏‡≤æ‡≤ß‡≥ç‡≤Ø‡≤µ‡≤æ‡≤ó‡≤ø‡≤∞‡≥Å‡≤µ‡≥Å‡≤¶‡≤ø‡≤≤‡≥ç‡≤≤ ‡≤Ø‡≤æ‡≤µ‡≥Å‡≤¶‡≥á ‡≤∏‡≤ø‡≤®‡≤ø‡≤Æ‡≤æ ‡≤®‡≤æ‡≤µ‡≥Å ‡≤é‡≤≤‡≥ç‡≤≤‡≥á ‡≤®‡≥ã‡≤°‡≤ø‡≤¶‡≤∞‡≥Å ‡≤∏‡≤æ‡≤Æ‡≤æ‡≤®‡≥ç‡≤Ø ‡≤™‡≥ç‡≤∞‡≥á‡≤ï‡≥ç‡≤∑‡≤ï‡≤®‡≤ø‡≤ó‡≥Ü ‡≤í‡≤™‡≥ç‡≤™‡≤ø‡≤ó‡≥Ü‡≤Ø‡≤æ‡≤¶‡≤≤‡≥ç‡≤≤‡≤ø ‡≤Ö‡≤Ø‡≥ç‡≤Ø‡≥ã ‡≤á‡≤Ç‡≤§‡≤π ‡≤í‡≤≥‡≥ç‡≤≥‡≥Ü‡≤Ø ‡≤ö‡≤ø‡≤§‡≥ç‡≤∞‡≤µ‡≤®‡≥ç‡≤®‡≥Å ‡≤ö‡≤ø‡≤§‡≥ç‡≤∞‡≤Æ‡≤Ç‡≤¶‡≤ø‡≤∞‡≤¶‡≤≤‡≥ç‡≤≤‡≤ø ‡≤π‡≤£‡≤µ‡≤®‡≥ç‡≤®‡≥Å ‡≤ï‡≥ä‡≤ü‡≥ç‡≤ü‡≥Å ‡≤µ‡≥Ä‡≤ï‡≥ç‡≤∑‡≤ø‡≤∏‡≤≤‡≥Å ‡≤∏‡≤æ‡≤ß‡≥ç‡≤Ø‡≤µ‡≤æ‡≤ó‡≤¶‡≤ø‡≤∞‡≥Å‡≤µ‡≥Å‡≤¶‡≤ï‡≥ç‡≤ï‡≥Ü ‡≤®‡≤®‡≥ç‡≤® ‡≤π‡≤æ‡≤ó‡≥Ü ‡≤é‡≤∑‡≥ç‡≤ü‡≥Å ‡≤ú‡≤® ‡≤™‡≤∂‡≥ç‡≤ö‡≤æ‡≤§‡≤æ‡≤™ ‡≤™‡≤ü‡≥ç‡≤ü‡≤ø‡≤∞‡≥Å‡≤§‡≥ç‡≤§‡≤æ‡≤∞‡≥Ü ‡≤á‡≤®‡≥ç‡≤®‡≥Å ‡≤Æ‡≥Å‡≤Ç‡≤¶‡≥Ü ‡≤¶‡≤Ø‡≤µ‡≤ø‡≤ü‡≥ç‡≤ü‡≥Å ‡≤ö‡≤ø‡≤§‡≥ç‡≤∞‡≤ó‡≤≥ ‡≤®‡≤ø‡≤∞‡≥ç‡≤Æ‡≤æ‡≤™‡≤ï‡≤∞ ‡≤π‡≤æ‡≤ó‡≥Ç ‡≤®‡≤ø‡≤∞‡≥ç‡≤¶‡≥á‡≤∂‡≤ï‡≤∞ ‡≤µ‡≤æ‡≤ü‡≥ç‡≤∏‡≤™‡≥ç ‡≤´‡≥á‡≤∏‡≥ç‡≤¨‡≥Å‡≤ï‡≥ç‡≤®‡≤≤‡≥ç‡≤≤‡≤ø ‡≤§‡≤Æ‡≥ç‡≤Æ ‡≤Ö‡≤ï‡≥å‡≤Ç‡≤ü‡≥ç ‡≤®‡≤Ç‡≤¨‡≤∞‡≤®‡≥ç‡≤®‡≥Å ‡≤Ö‡≤•‡≤µ‡≤æ ‡≤ó‡≥Ç‡≤ó‡≤≤‡≥ç ‡≤™‡≥á ‡≤´‡≥ã‡≤®‡≥ç ‡≤™‡≥á ‡≤∏‡≤Ç‡≤¨‡≤Ç‡≤ß‡≤™‡≤ü‡≥ç‡≤ü ‡≤®‡≤Ç‡≤¨‡≤∞‡≥ç ‡≤ó‡≤≥‡≤®‡≥ç‡≤®‡≥Å ‡≤®‡≤Æ‡≥Ç‡≤¶‡≤ø‡≤∏‡≤ø ‡≤¶‡≤≤‡≥ç‡≤≤‡≤ø ‡≤∏‡≤ø‡≤®‡≤ø‡≤Æ‡≤æ ‡≤¨‡≤ó‡≥ç‡≤ó‡≥Ü ‡≤®‡≤Æ‡≥ç‡≤Æ ‡≤Ö‡≤≠‡≤ø‡≤™‡≥ç‡≤∞‡≤æ‡≤Ø‡≤ó‡≤≥ ‡≤∏‡≤Æ‡≥á‡≤§ ‡≤§‡≤Æ‡≤ó‡≥Ü ‡≤π‡≤£ ‡≤∏‡≤Ç‡≤¶‡≤æ‡≤Ø ‡≤∏‡≤π‡≤æ‡≤Ø ‡≤∞‡≥Ç‡≤™‡≤¶‡≤≤‡≥ç‡≤≤‡≤ø ‡≤®‡≥Ü‡≤∞‡≤µ‡≤æ‡≤ó‡≥Å‡≤µ ‡≤ï‡≤æ‡≤∞‡≥ç‡≤Ø‡≤ï‡≥ç‡≤ï‡≥Ü ‡≤ï‡≤∞‡≥ç‡≤®‡≤æ‡≤ü‡≤ï ‡≤™‡≥ç‡≤∞‡≥á‡≤ï‡≥ç‡≤∑‡≤ï‡≤∞‡≤ø‡≤Ç‡≤¶‡≤≤‡≥á ‡≤ö‡≤æ‡≤≤‡≤®‡≥Ü ‡≤∏‡≤ø‡≤ó‡≤≤‡≤ønn‡≤Ø‡≤æ‡≤∞‡≤ø‡≤ó‡≥ä‡≤§‡≥ç‡≤§‡≥Å ‡≤Æ‡≥Å‡≤Ç‡≤¶‡≥Ü ‡≤á‡≤¶‡≥á ‡≤π‡≤£ ‡≤∏‡≤æ‡≤µ‡≤ø‡≤∞ ‡≤ó‡≤≥‡≤≤‡≥ç‡≤≤‡≤ø ‡≤™‡≥ç‡≤∞‡≤æ‡≤∞‡≤Ç‡≤≠‡≤µ‡≤æ‡≤ó‡≤ø ‡≤≤‡≤ï‡≥ç‡≤∑ ‡≤Ö‡≤•‡≤µ‡≤æ ‡≤ï‡≥ã‡≤ü‡≤ø‡≤ó‡≤ü‡≥ç‡≤ü‡≤≤‡≥Ü ‡≤Ü‡≤ó‡≤¨‡≤π‡≥Å‡≤¶‡≥Å ‡≤¶‡≤Ø‡≤µ‡≤ø‡≤ü‡≥ç‡≤ü‡≥Å ‡≤®‡≤ø‡≤∞‡≥ç‡≤Æ‡≤æ‡≤™‡≤ï‡≤∞‡≥Å ‡≤®‡≤ø‡≤∞‡≥ç‡≤¶‡≥á‡≤∂‡≤ï‡≤∞‡≥Å ‡≤Ö‡≤®‡≥ç‡≤Ø‡≤§‡≤æ ‡≤§‡≤™‡≥ç‡≤™‡≥Å ‡≤§‡≤ø‡≤≥‡≤ø‡≤Ø‡≤¨‡≤æ‡≤∞‡≤¶‡≥Å.,Offensive_Targeted_Insult_Individual
616,@sangeetha.k. chinnu ‡≤∂‡≥ã ‡≤ï‡≤ö‡≤°‡≤æ ‡≤á‡≤≤‡≥ç‡≤≤‡≤∞‡≤ø ‡≤ú‡≤® ‡≤π‡≤Ç‡≤ó ‡≤¨‡≤∞‡≤§‡≤æ‡≤∞,Not_offensive
617,‡≤Ø‡≥Å‡≤¶‡≥ç‡≤ß ‡≤Æ‡≤æ‡≤°‡≤¨‡≥á‡≤ï‡≥Å  ‡≤ì‡≤¶‡≤¨‡≤æ‡≤∞‡≤¶‡≥Å ‡≤ï‡≤ü‡≥Å‡≤ï‡≤∞ ‡≤Æ‡≥Å‡≤Ç‡≤¶‡≥Ü ‡≤≠‡≤ó‡≤µ‡≤¶‡≥ç‡≤ó‡≥Ä‡≤§‡≥Ü nAnd recently we can relate it to priyankareddycase,Offensive_Targeted_Insult_Individual
618,Idu charitre shrustiso movie agutte,Not_offensive
619,Best song super nam boss movie e sala havli namde,Not_offensive
620,Super song nice song,Not_offensive
621,@Vinay Vn nim akkan keytini bosdi magna nim avvagu hadteni,Not_offensive
622,super super boss,not-Kannada
623,nice song love u ..... song ....... nice dancee ....... superrrr,Not_offensive
624,Ee video dalli adtiro game yavdu,Not_offensive
625,Nice movie.. deekshit super,Not_offensive
626,boss osm,not-Kannada
627,Superb movie I love diya,Not_offensive
628,Yaarigu yaarannu holike madodu beda raj is raj shankar is only shankar vishnuji is only vishnuji.. !! Haage rakshith kooda rakshith andkolrii jagala yaake.... !!!yaaru yaarnu beat madodu beda avarade aada history create maadlii khushipadona ashte elru nammavre hottekicchu beda friends... !!,Offensive_Targeted_Insult_Group
629,Sir Super Speech,Not_offensive
630,‡≤ï‡≤®‡≥ç‡≤®‡≤°‡≤¶ ‡≤Ö‡≤§‡≥ç‡≤Ø‡≥Å‡≤§‡≥ç‡≤§‡≤Æ ‡≤ö‡≤ø‡≤§‡≥ç‡≤∞ ‡≤¶‡≤ø‡≤Ø‡≤æ ‡≤Ö‡≤Ç‡≤¶‡≤∞‡≥Ü ‡≤§‡≤™‡≥ç‡≤™‡≤æ‡≤ó‡≤≤‡≤æ‡≤∞‡≤¶‡≥Å..‡≤™‡≥Å‡≤®‡≤É ‡≤∞‡≥Ä ‡≤∞‡≤ø‡≤≤‡≤ø‡≤∏‡≥ç ‡≤Æ‡≤æ‡≤°‡≤¨‡≥á‡≤ï‡≥Å....,Not_offensive
631,One like for music,Offensive_Targeted_Insult_Individual
632,@pruthvisagar sagar but create hindi muslim divide,Not_offensive
633,Kannada songs always great....,Not_offensive
634,Hing dance madidre ..... mugitu kathe....,Not_offensive
635,Kaiwarada thathayya(yogi narayanappa),not-Kannada
636,Song chindi guru ü•∞ü•∞,Not_offensive
637,Movie super guro,not-Kannada
638,togari tippa supar,Not_offensive
639,Hindi songs plzzz,Not_offensive
640,‡≤π‡≤ø‡≤Ç‡≤¶‡≤ø ‡≤π‡≤æ‡≤°‡≥Å ‡≤Ø‡≤æ‡≤µ‡≤æ‡≤ó..??,Not_offensive
641,‡≤ó‡≥Å‡≤∞‡≥Å ‡≤Ö‡≤∂‡≥ç‡≤µ‡≤§‡≥ç‡≤•‡≤æ‡≤Æ ‡≤Ø‡≤æ‡≤µ ‡≤¨‡≤æ‡≤∑‡≥á ‡≤Æ‡≤æ‡≤§‡≤æ‡≤°‡≥ç‡≤§‡≤ø‡≤¶‡≥ç‡≤¶ ‡≤Ö‡≤Ç‡≤• ‡≤π‡≥á‡≤≥‡≤ø ‡≤®‡≤ø‡≤Æ‡≤ó‡≥Ç ‡≤ó‡≥ä‡≤§‡≥ç‡≤§‡≤ø‡≤≤‡≥ç‡≤≤ ‡≤Ö‡≤Ç‡≤¶‡≥ç‡≤∞‡≥Ü ‡≤Ü ‡≤°‡≤æ‡≤ï‡≥ç‡≤ü‡≤∞‡≥ç ‡≤Ö‡≤®‡≥ç‡≤®‡≥Å ‡≤ï‡≥á‡≤≥‡≤ø ‡≤§‡≤ø‡≤≥‡≥ç‡≤ï‡≥ä‡≤Ç‡≤°‡≥Å ‡≤π‡≥á‡≤≥‡≤ø ‡≤®‡≤Æ‡≥ç‡≤Æ ‡≤ï‡≤®‡≥ç‡≤®‡≤° ‡≤µ‡≤æ‡≤¶‡≥ç‡≤∞‡≥Ü ‡≤§‡≥ä‡≤Ç‡≤¨ ‡≤∏‡≤Ç‡≤§‡≥ã‡≤∑ ‡≤µ‡≤æ‡≤ó‡≥Å‡≤§‡≥ç‡≤§‡≥Ü ‡≤Ö‡≤≤‡≥ç‡≤µ‡≤æ,Not_offensive
642,Shettys>>>>Dboss+Raj kutumba+sarja family,Not_offensive
643,Still trending number one !!,Not_offensive
644,‡≤ö‡≤æ‡≤≤‡≥Ü‡≤Ç‡≤ú‡≤ø‡≤Ç‡≤ó‡≥ç ‡≤∏‡≥ç‡≤ü‡≤æ‡≤∞‡≥ç ‡≤¶‡≤∞‡≥ç‡≤∂‡≤®‡≥ç ‡≤Ö‡≤≠‡≤ø‡≤Æ‡≤æ‡≤®‡≤ø‡≤ó‡≤≥ ‡≤ï‡≤°‡≥Ü‡≤Ø‡≤ø‡≤Ç‡≤¶ ‡≤à ‡≤ö‡≤ø‡≤§‡≥ç‡≤∞‡≤µ‡≥Å ‡≤∂‡≤§‡≤¶‡≤ø‡≤®‡≥ã‡≤§‡≥ç‡≤∏‡≤µ ‡≤Ü‡≤ö‡≤∞‡≤ø‡≤∏‡≤≤‡≤ø ‡≤é‡≤Ç‡≤¶‡≥Å ‡≤∂‡≥Å‡≤≠ ‡≤ï‡≥ã‡≤∞‡≥Å‡≤§‡≥ç‡≤§‡≥á‡≤µ‡≥Ü ...............................‡≤ö‡≤ø‡≤§‡≥ç‡≤∞‡≤¶‡≥Å‡≤∞‡≥ç‡≤ó ‡≤°‡≤ø ‡≤¨‡≤æ‡≤∏‡≥ç ‡≤Ö‡≤≠‡≤ø‡≤Æ‡≤æ‡≤®‡≤ø‡≤ó‡≤≥ ‡≤¨‡≤≥‡≤ó,Offensive_Targeted_Insult_Individual
645,‡≤®‡≤Æ‡≥ç ‡≤Æ‡≤®‡≥Ü‡≤ó‡≥Ç ‡≤¨‡≤Ç‡≤¶‡≤ø‡≤¶‡≥ç‡≤∞‡≥Å 2 ‡≤¨‡≤ø‡≤Ø‡≤∞‡≥ç ‡≤ï‡≥Å‡≤°‡≥ç‡≤∏‡≤ø ‡≤ï‡≤≥‡≥ç‡≤∏‡≥ç‡≤¶‡≥Ü,not-Kannada
646,Super song sir,Not_offensive
647,@Nandi Parthasarathi ‡≤®‡≤ø‡≤®‡≥ç ‡≤Ö‡≤Æ‡≥ç‡≤Æ‡≤®‡≥ç ‡≤® ‡≤ï‡≥à‡≤Ø‡≤æ,Not_offensive
648,‡≤Ö‡≤¶‡≥ç‡≤≠‡≥Å‡≤§‡≤µ‡≤æ‡≤¶ ‡≤∏‡≤Ç‡≤ó‡≥Ä‡≤§ ‡≤Ü‡≤¶‡≥ç‡≤∞‡≥Ü ‡≤∏‡≥Å‡≤Æ‡≤æ‡≤∞‡≤æ‡≤ó‡≤ø‡≤¶‡≥Ü lyrics,Not_offensive
649,Dum andhre star hero galu tageyuva build up movie taraha irbekaagitta,Not_offensive
650,Super song bro,not-Kannada
651,‡≤®‡≤æ‡≤µ‡≥á‡≤®‡≤æ‡≤¶‡≤∞‡≥Å ‡≤∏‡≥ç‡≤µ‡≤æ‡≤¨‡≤ø‡≤Æ‡≤æ‡≤®‡≤ø‡≤Ø‡≤æ‡≤ó‡≤ø ‡≤¨‡≤¶‡≥Å‡≤ï‡≤®‡≥ç‡≤®‡≥Å ‡≤ï‡≤ü‡≥ç‡≤ü‡≤ø‡≤ï‡≥ä‡≤≥‡≥ç‡≤≥‡≤≤‡≥Å ‡≤®‡≤ø‡≤Æ‡≥ç‡≤Æ‡≤®‡≥ç‡≤®‡≥Å ‡≤®‡≥ã‡≤°‡≤ø ‡≤ï‡≤≤‡≤ø‡≤Ø‡≤¨‡≥á‡≤ï‡≥Å ‡≤∏‡≤æ‡≤∞‡≥ç ‡≤®‡≤Æ‡≤ó‡≥Ü ‡≤®‡≤ø‡≤Æ‡≥ç‡≤Æ‡≤Ç‡≤§‡≤µ‡≤∞‡≥Å ‡≤∏‡≥ç‡≤™‡≥Å‡≤∞‡≥ç‡≤§‡≤ø,Not_offensive
652,@10 R hogi ballegaarnn tunne unn... Aa balegaaran bhikshe majestic cinema nim dBabes ge .. Nim amma majestic Sule ansuthe adkke isht harkottiddiya bewarsi sulemundemagane... Nin ammana Kellu Nene hege malgisi keydiddini anta ...,Not_offensive
653,Innodhu viruss bandhidhyalla China dalli mungusi viruss adra bagge thilsi,Not_offensive
654,Thank you sir,Not_offensive
655,Very good soong,Not_offensive
656,‡≤Æ‡≤∏‡≥ç‡≤§ ‡≤§‡≥ä‡≤ó‡≤∞‡≤ø ‡≤§‡≤ø‡≤´‡≥ç‡≤™,Not_offensive
657,Maga pubgi mix ‡≤Æ‡≤æ‡≤°‡≤¨‡≥á‡≤°..... ‡≤Ü‡≤ó‡≥á ‡≤Æ‡≤æ‡≤°‡≥Å,Not_offensive
658,‡≤®‡≤Æ‡≥ç‡≤Æ‡≥Ü‡≤≤‡≥ç‡≤≤‡≤∞ ‡≤®‡≥Ü‡≤ö‡≥ç‡≤ö‡≤ø‡≤® ‡≤®‡≤ü ‡≤™‡≥ç‡≤∞‡≤ú‡≥ç‡≤µ‡≤≤‡≥ç ‡≤Ö‡≤µ‡≤∞‡≤ø‡≤ó‡≥Ü ‡≤Ö‡≤¶‡≥ç‡≤¨‡≥Å‡≤§ ‡≤Ø‡≤∂‡≤∏‡≥ç‡≤∏‡≥Å ‡≤∏‡≤ø‡≤ó‡≤≤‡≤ø,Not_offensive
659,Re release maadi movie na... Super movie,Not_offensive
660,Navu. Rent tagondu,not-Kannada
661,‡≤¨‡≥á‡≤∞‡≥Ü ‡≤≠‡≤æ‡≤∑‡≥Ü‡≤Ø ‡≤Ö‡≤µ‡≤∞‡≤ø‡≤ó‡≥Ü‡≤≤‡≥ç‡≤≤ hands up ‡≤π‡≥á‡≤≥‡≤≤‡≥Å ‡≤¨‡≤∞‡≥Å‡≤§‡≥ç‡≤§‡≤ø‡≤¶‡≥ç‡≤¶‡≤æ‡≤∞‡≥Ü ‡≤∞‡≤ï‡≥ç‡≤∑‡≤ø‡≤§‡≥ç ‡≤∂‡≥Ü‡≤ü‡≥ç‡≤ü‡≤ø.‡≤Ø‡≤∂‡≥ç ‡≤Ö‡≤≠‡≤ø‡≤Æ‡≤æ‡≤®‡≤ø‡≤Ø‡≤æ‡≤ó‡≤ø ‡≤π‡≥á‡≤≥‡≥Å‡≤§‡≥ç‡≤§‡≤ø‡≤¶‡≥ç‡≤¶‡≤ø‡≤®‡≤ø . ‡≤ï‡≥Ü‡≤ú‡≤ø‡≤é‡≤´‡≥ç ‡≤Ü‡≤¶‡≤Æ‡≥á‡≤≤‡≥Ü ‡≤é‡≤∞‡≤°‡≤®‡≥á ‡≤∏‡≤ø‡≤®‡≤ø‡≤Æ‡≤æ ‡≤¨‡≥ç‡≤≤‡≤æ‡≤ï‡≥ç‡≤¨‡≤∏‡≥ç‡≤ü‡≤∞‡≥ç ‡≤Ü‡≤ó‡≥Å‡≤µ‡≥Å‡≤¶‡≥Å ‡≤á‡≤¶‡≥ç‡≤¶‡≥á‡≤®‡≥Ü,Not_offensive
662,Enu anta matadtiyo hichha ninge? Lofer,Not_offensive
663,‡≤∏‡≤∞‡≥ç ‡≤Ö‡≤¶‡≥Å ‡≤ó‡≥Ü‡≤¶‡≥ç‡≤¶‡≥á,Not_offensive
664,‡≤ï‡≥ç‡≤∞‡≥á‡≤ú‡≤ø ‡≤∏‡≥ç‡≤ü‡≤æ‡≤∞‡≥ç ‡≤∞‡≤µ‡≤ø‡≤ö‡≤Ç‡≤¶‡≥ç‡≤∞‡≤®‡≥ç ‡≤∏‡≥ç‡≤ü‡≥à‡≤≤‡≥ç ‡≤Æ‡≥á‡≤ï‡≤ø‡≤Ç‡≤ó‡≥ç ‡≤ï‡≤æ‡≤™‡≤ø,Not_offensive
665,Copy maadidre case agalva?,not-Kannada
666,Burade guru idhella. Solpa nambo thara kathe  katti.,Not_offensive
667,‡≤ï‡≤®‡≥ç‡≤®‡≤°‡≤¶ ‡≤í‡≤Ç‡≤¶‡≥Å ‡≤Ö‡≤¶‡≥ç‡≤≠‡≥Å‡≤§ ‡≤∏‡≤ø‡≤®‡≤ø‡≤Æ‡≤æ ‡≤¶‡≤ø‡≤Ø‡≤æn‡≤§‡≥Å‡≤Ç‡≤¨‡≤æ ‡≤¶‡≤ø‡≤®‡≤¶‡≤ø‡≤Ç‡≤¶ ‡≤à ‡≤ö‡≤ø‡≤§‡≥ç‡≤∞‡≤¶ ‡≤¨‡≤ó‡≥ç‡≤ó‡≥Ü ‡≤ï‡≥á‡≤≥‡≥Å‡≤§‡≥ç‡≤§‡≤ø‡≤¶‡≥ç‡≤¶‡≥Ü ‡≤Ü‡≤¶‡≤∞‡≥Ü ‡≤á‡≤µ‡≤§‡≥ç‡≤§‡≥Å ‡≤®‡≥ã‡≤°‡≤¶‡≥Ü.n‡≤Ü‡≤π‡≤æ... ‡≤π‡≥á‡≤ó ‡≤Ü ‡≤®‡≤ø‡≤¶‡≥á‡≥Ø‡≤∂‡≤ï‡≤®‡≤®‡≥ç‡≤®‡≥Å  ‡≤π‡≤æ‡≤ó‡≥Ç ‡≤ö‡≤ø‡≤§‡≥ç‡≤∞‡≤¶ ‡≤™‡≥ç‡≤∞‡≤Æ‡≥Å‡≤ñ ‡≤™‡≤æ‡≤§‡≥ç‡≤∞‡≤ó‡≤≥‡≤®‡≥ç‡≤® ‡≤µ‡≤£‡≥Ø‡≤®‡≥Ü ‡≤Æ‡≤æ‡≤°‡≤¨‡≥á‡≤ï‡≥Å ‡≤Ö‡≤Ç‡≤§‡≤æ ‡≤ó‡≥ä‡≤§‡≥ç‡≤§‡≤æ‡≤ó‡≤§‡≥ç‡≤§‡≤ø‡≤≤‡≥ç‡≤≤ .n‡≤Ø‡≤æ‡≤µ‡≥Å‡≤¶‡≥á ‡≤Ö‡≤¨‡≥ç‡≤¨‡≤∞‡≤µ‡≤ø‡≤≤‡≥ç‡≤≤,Offensive_Targeted_Insult_Individual
668,Kesari prasad Jois b f by,Not_offensive
669,Hands  up,Not_offensive
670,Yaaru illi movie nodkondu bandidira like  madi...,Not_offensive
671,Togari tippa super,Not_offensive
672,‡≤í‡≤Ç‡≤¶‡≥ä‡≤Ç‡≤¶‡≥Å ‡≤Æ‡≤æ‡≤§‡≥Å ‡≤ö‡≤™‡≥ç‡≤™‡≤≤‡≤ø  ‡≤π‡≥ä‡≤°‡≥Ü‡≤¶‡≤Ç‡≤§‡≥Ü ‡≤á‡≤§‡≥ç‡≤§‡≥Å ‡≤ó‡≥Å‡≤∞‡≥Å ‡≤í‡≤¨‡≥ç‡≤¨‡≥ä‡≤¨‡≥ç‡≤∞‡≥Å ‡≤®‡≥ã‡≤°‡≤¨‡≥á‡≤ï‡≤ø‡≤§‡≥ç‡≤§‡≥Å ‡≤∏‡≤∞‡≥ç ‡≤ö‡≥Ä‡≤®‡≤æ‡≤ó‡≥Ü ‡≤π‡≥Å‡≤ü‡≥ç‡≤ü‡≤ø‡≤∞‡≥Å‡≤µ ‡≤§‡≤∞‡≤π ‡≤Ü‡≤°‡≥Å‡≤§‡≥ç‡≤§‡≤æ‡≤∞‡≥Ü ‡≤®‡≤Æ‡≥ç‡≤Æ ‡≤¶‡≥á‡≤∂‡≤¶‡≤≤‡≥ç‡≤≤‡≤ø ‡≤é‡≤∑‡≥ç‡≤ü‡≥Å ‡≤ú‡≤® ‡≤∏‡≥à‡≤®‡≤ø‡≤ï‡≤∞‡≥Å  ‡≤∏‡≤æ‡≤Ø‡≥ç‡≤§‡≤æ‡≤∞‡≥Ü ‡≤Ö‡≤µ‡≤∞‡≤ø‡≤ó‡≥Ü ‡≤è‡≤®‡≤æ‡≤ó‡≤¨‡≥á‡≤ï‡≥Å ‡≤ü‡≤ø‡≤ï‡≥ç ‡≤ü‡≤æ‡≤ï‡≥ç ‡≤≤‡≥à‡≤ï‡≥ç ‡≤¨‡≤Ç‡≤¶‡≥ç‡≤∞‡≥Ü ‡≤∏‡≤æ‡≤ï‡≥Å ‡≤®‡≤®‡≥ç‡≤® ‡≤ï‡≤Æ‡≥Ü‡≤Ç‡≤ü‡≥ç ‡≤Ö‡≤≤‡≥ç‡≤≤‡≤ø ‡≤è‡≤®‡≤æ‡≤¶‡≤∞‡≥Ç ‡≤§‡≤™‡≥ç‡≤™‡≤ø‡≤¶‡≥ç‡≤¶‡≤∞‡≥Ü ‡≤ï‡≥ç‡≤∑‡≤Æ‡≤ø‡≤∏‡≤ø ‡≤ú‡≥à ‡≤π‡≤ø‡≤Ç‡≤¶‡≥ç ‡≤ú‡≥à ‡≤ï‡≤∞‡≥ç‡≤®‡≤æ‡≤ü‡≤ï ‡≤Æ‡≤æ‡≤§‡≥Ü,Not_offensive
673,Neene compose madappa hogu,not-Kannada
674,@twisted formals nin amman yako lowda nkn dboss tus patakinin obba sule maga,Offensive_Targeted_Insult_Individual
675,‡≤ó‡≥Å‡≤°‡≥ç ‡≤≤‡≤ï‡≥ç ‡≤∂‡≥ç‡≤∞‡≥Ä‡≤Æ‡≤®‡≥ç‡≤®‡≤æ‡≤∞‡≤æ‡≤Ø‡≤£ ‡≤∞‡≤ï‡≥ç‡≤∑‡≤ø‡≤§‡≥ç ‡≤∂‡≥Ü‡≤ü‡≥ç‡≤∞‡≥á.. ‡≤Æ‡≤∏‡≥ç‡≤§‡≥ç ‡≤°‡≤ø‡≤´‡≥ç‡≤∞‡≥Ü‡≤Ç‡≤ü‡≥ç ‡≤Ü‡≤¶‡≥Å‡≤Ç‡≤°‡≥Å ‡≤∏‡≤æ‡≤Ç‡≤ó‡≥ç,Not_offensive
676,Erbahudu please support maadi ea rakshit sitting sir genRashmikage hotte uribeku nodi,Not_offensive
677,Sir ondhh hellla ..... nEllaru kelsa antha ondhh madtirtare ....nnMathe biduvu madkondu film nodok barthivi .....nAvaga naav estu antha ollole film na nodbodhu neevu heli ...nnSwalpa plan madkondu industry ...Ella ottige bido yojane na hidkoldhe idre best ....,Not_offensive
678,Super super super super super super super super super super super super super super super super,not-Kannada
679,‡≤π‡≤≥‡≥Ü ‡≤∂‡≤ø‡≤ï‡≤æ‡≤∞‡≤ø ‡≤∏‡≤ø‡≤®‡≤ø‡≤Æ‡≤æ nodidira yaradru,Not_offensive
680,Superb songn‡≤¶‡≥Ä‡≤™‡≤£‡≥ç‡≤£‡≤® ‡≤Ö‡≤≠‡≤ø‡≤Æ‡≤æ‡≤®‡≤ó‡≤≥ ‡≤ï‡≤°‡≥Ü‡≤Ø‡≤ø‡≤Ç‡≤¶ ‡≤∞‡≤ï‡≥ç‡≤∑‡≤ø‡≤§ ‡≤∂‡≥Ü‡≤ü‡≥ç‡≤ü‡≤ø‡≤Ø‡≤µ‡≤∞‡≤ø‡≤ó‡≥Ü ‡≤∂‡≥Å‡≤≠‡≤µ‡≤æ‡≤ó‡≤≤‡≤ø....,Not_offensive
681,Koriya du kanappa pubg ü§£ü§£ thilko first,not-Kannada
682,Rashmika n her fans,Not_offensive
683,@Naveen Kumar j@,Not_offensive
684,‡≤π‡≥å‡≤¶‡≥ã ‡≤π‡≥Å‡≤≤‡≤ø‡≤Ø‡≤æ  ‡≤ó‡≤ø‡≤ö‡≥ç‡≤ö‡≤ø ‡≤ó‡≤ø‡≤ö‡≥ç‡≤ö‡≤ø ‡≤ó‡≤ø‡≤≤‡≤ø ‡≤ó‡≤ø‡≤≤‡≤ø ‡≤π‡≤æ‡≤°‡≥Å,Not_offensive
685,Namm uttar karnataka style..... nMastha Mastha huliii,Not_offensive
686,@Dayananda C howda BJP yavaru kadime kallara mate yaddiyuvarappa  yake jailge hogi bandru . 15 minister jailge hogidyake?? nNin first corectagi artha madka first,Not_offensive
687,@Troll Stupid Fanslo gaandu thulle school ge henu raja kottavra child nan magane balegara fanu hogu school ge hogi hodkondiru sumne yake baiskothiya,Not_offensive
688,Sir promotions madiii ii sir bereeee language alii kannadada alii yalakadee ilaa andree thumba negative point aguteee dayavittu promotions madiiiii,Not_offensive
689,@prithvi nayak jai Roberrt,Not_offensive
690,Nijvagalu Nim anthavaru iddrene Anna  yalarigu bhuddi barodhu anna,Not_offensive
691,Wonder full songs,not-Kannada
692,‡≤ö‡≤Ç‡≤¶‡≤®‡≥ç ‡≤∂‡≥Ü‡≤ü‡≥ç‡≤ü‡≤ø ‡≤ü‡≥ç‡≤∞‡≥ä‡≤≤‡≥ç ‡≤µ‡≤ø‡≤°‡≤ø‡≤Ø‡≥ã ‡≤®‡≥Ä‡≤µ‡≥Å ‡≤®‡≥ã‡≤°‡≤ø ‡≤®‡≥Ü‡≤ó‡≤°‡≥ç‡≤°‡≥Ü ‡≤á‡≤¶‡≥ç‡≤∞‡≥Ü ‡≤®‡≤æ‡≤µ‡≥ç ‡≤ó‡≥ç‡≤Ø‡≤æ‡≤∞‡≤Ç‡≤ü‡≤ø,Not_offensive
693,Pakka evrge Tika hodyotanka buddi baralla,Not_offensive
694,Sexyyyy.. tiktok sade galige sakath tong,Offensive_Targeted_Insult_Individual
695,Next Shankar nag born,Not_offensive
696,More than 10 times viewers like here,Not_offensive
697,Superb music,Not_offensive
698,Just wowwwww,Not_offensive
699,Super  ur cine life Turnig  movie sir p d,Not_offensive
700,Sule magne nin maneli yava china product ilva,Not_offensive
701,Olledagli shankar sir yavduku tale kedskobedi olle life lead madtidira ha bagvanta nimge olledmadli,Not_offensive
702,@Cockpit cock allavuddin mayadeepa annodu Arabian nights stories nalli baruva kaalpanika kathe deepa ujjidare bhootha bandhu ella kelasa maaduthve allavuddin khilji alla,Not_offensive
703,Sir nim account num kodi sir,Not_offensive
704,Instagram fallow back kodi Nev obre alla eradu,Not_offensive
705,Supperb Anna masth agi vedio madidhira,Not_offensive
706,Super agi helidi anna,Not_offensive
707,Guru ee desha uddhara agalla bedu bhai indian youth waste bedu,Not_offensive
708,Super song sir,Not_offensive
709,Crazy music,Not_offensive
710,‡≤á‡≤¶‡≥Å ‡≤ö‡≤∞‡≤ø‡≤§‡≥ç‡≤∞‡≥Ü ‡≤∏‡≥É‡≤∑‡≥ç‡≤ü‡≤ø‡≤∏‡≥Å ‡≤Ü‡≤µ‡≤æ‡≤§‡≤∞,Not_offensive
711,RIP kannada film chamber.No proper plannings.,Not_offensive
712,Dost excellent video good no one video,Offensive_Targeted_Insult_Individual
713,‡≤ö‡≤Æ‡≤Ø‡≥ç‡≤Ø ‡≤Æ‡≥á‡≤∏‡≥ç‡≤ü‡≥ç‡≤∞‡≥Å ‡≤Ö‡≤µ‡≤∞ ‡≤Ü‡≤∂‡≥Ä‡≤∞‡≥ç‡≤µ‡≤æ‡≤¶ ‡≤Ø‡≤æ‡≤µ‡≤æ‡≤ó‡≤≤‡≥Ç ‡≤á‡≤∞‡≥Å‡≤§‡≥ç‡≤§‡≥Ü ‡≤®‡≤ø‡≤Æ‡≥ç‡≤Æ‡≤≤‡≥ç‡≤≤‡≤ø ‡≤∏‡≥ç‡≤µ‡≤æ‡≤≠‡≤ø‡≤Æ‡≤æ‡≤® ‡≤á‡≤¶‡≥Ü ‡≤Ü‡≤ó‡≥Å ‡≤®‡≤ø‡≤Æ‡≥ç‡≤Æ‡≤≤‡≥ç‡≤≤‡≤ø ‡≤í‡≤Ç‡≤¶‡≥Å ‡≤õ‡≤≤ ‡≤á‡≤¶‡≥Ü,Not_offensive
714,‡≤Ö‡≤§‡≥ç‡≤Ø‡≥Å‡≤§‡≥ç‡≤§‡≤Æ ‡≤∏‡≤π‡≥ã‡≤¶‡≤∞ ‡≤π‡≥Ä‡≤ó‡≥Ü ‡≤á‡≤Ç‡≤§‡≤π ‡≤¶‡≤Ç‡≤° ‡≤™‡≤ø‡≤Ç‡≤°‡≤ó‡≤≥‡≤ø‡≤ó‡≥Ü ‡≤á‡≤¶‡≥Ü ‡≤∞‡≥Ä‡≤§‡≤ø ‡≤¨‡≥Å‡≤¶‡≥ç‡≤ß‡≤ø ‡≤ï‡≤≥‡≤ø‡≤∏‡≥Å ‡≤Ø‡≥ã‡≤ß‡≤∞ ‡≤ú‡≥Ä‡≤µ‡≤ï‡≥ç‡≤ï‡≥Ü ‡≤á‡≤Ç‡≤§‡≤π‡≤µ‡≤∞‡≤ø‡≤Ç‡≤¶ ‡≤¨‡≥Ü‡≤≤‡≥Ü ‡≤á‡≤≤‡≥ç‡≤≤ ‡≤ü‡≤ø‡≤ï‡≥ç ‡≤ü‡≤æ‡≤ï‡≥ç ‡≤¨‡≥á‡≤ï‡≤Ç‡≤§,Not_offensive
715,‡≤®‡≤ø‡≤ú‡≤µ‡≤æ‡≤¶ ‡≤ï‡≤®‡≥ç‡≤®‡≤°‡≤ø‡≤ó ‡≤Ö‡≤Ç‡≤¶‡≥ç‡≤∞‡≥Ü ‡≤®‡≥Ä‡≤®‡≥Ü ‡≤ó‡≥Å‡≤∞‡≥Å. I love ur videos and i love my ‡≤ï‡≤®‡≥ç‡≤®‡≤° ‡≤ó‡≥Å‡≤∞‡≥Å,Not_offensive
716,BECAUSE ONLY CORONA...n&nPIRACY...,Not_offensive
717,Vijay prakash,Not_offensive
718,nimm mathu  saryagi heliddira super,Not_offensive
719,GAVISH SANGATI ƒáqqqq1,not-Kannada
720,Barathadalli free aagi kodudanna nillisbeku.,Not_offensive
721,‡≤ó‡≤æ‡≤≥‡≤ø ‡≤Æ‡≤æ‡≤§‡≤ø‡≤® ‡≤¨‡≤ú‡≤æ‡≤∞‡≥Å ‡≤∏‡≥Å‡≤¶‡≥ç‡≤¶‡≤ø ‡≤∏‡≤æ‡≤∞‡≤ø‡≤¶‡≥Ü ‡≤∏‡≥Å‡≤Æ‡≤æ‡≤∞‡≥Å,Not_offensive
722,Hindi audience like here,Not_offensive
723,‡≤®‡≤Æ‡≤∏‡≥ç‡≤ï‡≤æ‡≤∞‡≤ó‡≤≥‡≥Å ‡≤ó‡≥Å‡≤∞‡≥Å‡≤ó‡≤≥‡≥á,Not_offensive
724,Tumba channagi mathadthira anna,Not_offensive
725,‡≤™‡≥É‡≤•‡≥ç‡≤µ‡≤ø ‡≤Ö‡≤Ç‡≤¨‡≤∞‡≥ç ‡≤è‡≤®‡≥ç  ‡≤ó‡≥Å‡≤∞‡≥Ç ‡≤®‡≥Ä‡≤®‡≥Å national award winning actor ‡≤ó‡≥Å‡≤∞‡≥Ç ‡≤®‡≥Ä‡≤®‡≥Å.‡≤®‡≤ø‡≤®‡≥ç‡≤® ‡≤®‡≤ü‡≤®‡≥Ü‡≤ó‡≥Ü ‡≤®‡≤æ‡≤®‡≤Ç‡≤§‡≥Ç ‡≤´‡≥ç‡≤Ø‡≤æ‡≤®‡≥ç ‡≤Æ‡≤æ‡≤∞‡≤æ‡≤Ø.‡≤é‡≤∑‡≥ç‡≤†‡≥Å ‡≤é‡≤®‡≤∞‡≥ç‡≤ú‡≤ø ‡≤á‡≤¶‡≥ç‡≤Ø‡≥ã ‡≤®‡≤ø‡≤®‡≥ç‡≤®‡≤≤‡≥ç‡≤≤‡≤ø,Not_offensive
726,bro lovely bro..oogiri mokakke,Not_offensive
727,Telugu r we joke of u,Offensive_Targeted_Insult_Individual
728,Prajju prajju nan prajwala ondu hittu ninu kodappa from fan,Offensive_Targeted_Insult_Individual
729,‡≤ö‡≤Ç‡≤¶‡≤®‡≥ç ‡≤∂‡≥Ü‡≤ü‡≥ç‡≤ü‡≤ø ‡≤ü‡≥ç‡≤∞‡≥ä‡≤≤‡≥ç ‡≤µ‡≤ø‡≤°‡≤ø‡≤Ø‡≥ã ‡≤®‡≥Ä‡≤µ‡≥Å ‡≤®‡≥ã‡≤°‡≤ø ‡≤®‡≥Ü‡≤ó‡≤°‡≥ç‡≤°‡≥Ü ‡≤á‡≤¶‡≥ç‡≤∞‡≥Ü ‡≤®‡≤æ‡≤µ‡≥ç ‡≤ó‡≥ç‡≤Ø‡≤æ‡≤∞‡≤Ç‡≤ü‡≤ø,Not_offensive
730,@TROLL MONSTER_KANNADA jail ge hog bandh sule maga,Not_offensive
731,Share madta idini,not-Kannada
732,‡≤®‡≥Ä‡≤®‡≥Å ‡≤∏‡≥Ç‡≤™‡≤∞‡≥ç ‡≤ó‡≥Å‡≤∞‡≥Å  ‡≤Ü‡≤¶‡≤∞‡≥Ü ‡≤®‡≤Æ‡≥ç‡≤Æ ‡≤à‡≤ó‡≤ø‡≤® ‡≤Ø‡≥Å‡≤µ ‡≤ú‡≤®‡≤§‡≥Ü ‡≤Ø‡≤æ‡≤ï‡≥Ü ‡≤é ‡≤§‡≤∞ ‡≤∏‡≤Æ‡≤Ø ‡≤Ö‡≤≤‡≥ç‡≤Æ‡≤æ‡≤°‡≥ç‡≤§‡≤æ‡≤∞‡≥ã ‡≤ó‡≥ä‡≤§‡≥ç‡≤§‡≤ø‡≤≤,Not_offensive
733,@prithvi nayak ‡≤®‡≤ø‡≤Æ‡≥ç‡≤Æ ‡≤Ö‡≤µ‡≥ç‡≤µ‡≥Å‡≤®‡≥ç ‡≤π‡≤§‡≥ç‡≤∞‡≤æ ‡≤π‡≥ã‡≤ó‡≥Å ‡≤ï‡≥ä‡≤°‡≥ç‡≤§‡≤æ‡≤≥‡≥Ü ‡≤§‡≤ø‡≤ï‡≤æ ‡≤®‡≤æ,Not_offensive
734,‡≤ó‡≥Å‡≤∞‡≥Å ‡≤á‡≤¶‡≥Ü‡≤≤‡≥ç‡≤≤ ‡≤®‡≤Ç‡≤¨‡≥ä ‡≤Æ‡≤æ‡≤§,Not_offensive
735,Super rakshith shetty,Not_offensive
736,Kannada da History  avane srimannarayana,Not_offensive
737,Thu yar guru karma ithara video gu dislike madtare ...,Not_offensive
738,‡≤∏‡≥ç‡≤µ‡≤æ‡≤≠‡≤ø‡≤Æ‡≤æ‡≤®‡≤¶‡≤ø‡≤Ç‡≤¶ ‡≤¨‡≤¶‡≥Å‡≤ï‡≥ã‡≤¶‡≥Å ‡≤Æ‡≤®‡≥Å‡≤∑‡≥ç‡≤Ø‡≤® ‡≤Ö‡≤∏‡≤≤‡≤ø ‡≤ó‡≥Å‡≤£ ‡≤á‡≤¶‡≤®‡≥ç‡≤®‡≥Å ‡≤é‡≤≤‡≥ç‡≤∞‡≥Å ‡≤Ö‡≤≥‡≤µ‡≤°‡≤ø‡≤∏‡≤ø‡≤ï‡≥ä‡≤≥‡≥ç‡≤≥‡≤¨‡≥á‡≤ï‡≥Å,not-Kannada
739,Nanu film nodade ne edict aagiddene,Not_offensive
740,Gurve egle Google nali search madu,Not_offensive
741,Namma  desha da bagge abimana ellde eroru ge  adru tik tok use madtha eddre avru tamma mother naa ennobirige bitkotta hage  eddanu odinu tik tok madidre niu muuru bittoru antha artha,Not_offensive
742,Dboss fans  trailer superbb,Not_offensive
743,Trailer ee rangeide ina filmnAwesome man,Not_offensive
744,Ninge en tagodu hodibeku,Not_offensive
745,Daily  nodoru like madi,Not_offensive
746,I watch daily,Not_offensive
747,Hugi guru badethawke,Not_offensive
748,Not good girl,Not_offensive
749,‡≤¨‡≤Ç‡≤¶ ‡≤π‡≤æ‡≤¶‡≤ø‡≤ó‡≥Ü ‡≤∞‡≤ö‡≤ø‡≤∏‡≤≤‡≥Å ‡≤π‡≥ä‡≤∏‡≤¶‡≥á ‡≤∂‡≤æ‡≤∏‡≤® ‡≤Æ‡≥Ü‡≤∞‡≥Ü‡≤Ø‡≤≤‡≤ø ‡≤ó‡≤ó‡≤®‡≤¶‡≤≤‡≤ø ‡≤®‡≤ø‡≤Æ‡≥ç‡≤Æ‡≤¶‡≥Ü ‡≤≤‡≤æ‡≤Ç‡≤õ‡≤® ‡≤Ø‡≥Å‡≤¶‡≥ç‡≤ß ‡≤Æ‡≤æ‡≤°‡≤¨‡≥á‡≤ï‡≥Å ‡≤ì‡≤¶‡≤¨‡≤æ‡≤∞‡≤¶‡≥Å n‡≤ï‡≤ü‡≥Å‡≤ï‡≤∞ ‡≤Æ‡≥Å‡≤Ç‡≤¶‡≥Ü ‡≤≠‡≤ó‡≤µ‡≤¶‡≥ç‡≤ó‡≥Ä‡≤§‡≥Ü loved itnMy favorite line superb lyrics,Offensive_Targeted_Insult_Individual
750,@DILL DULL ‡≤Ü‡≤§‡≤∞ ‡≤è‡≤®‡≤ø‡≤≤‡≥ç‡≤≤ ‡≤∏‡≤æ‡≤Ç‡≤ó‡≥ç ‡≤∏‡≥Ç‡≤™‡≤∞‡≥ç ‡≤Ü‡≤ó ‡≤á‡≤¶‡≥á slow ‡≤™‡≥ä‡≤Ø‡≥ç‡≤∏‡≤®‡≥ç,not-Kannada
751,GTA 5 BRO,not-Kannada
752,Edu charitre srustiso Avatara awdu annuvavaru like madi,Not_offensive
753,‡≤Ø‡≤æ‡≤ï‡≥ç‡≤∞‡≥Ä ‡≤ü‡≥ç‡≤∞‡≥á‡≤≤‡≤∞‡≥ç ‡≤®‡≥ã‡≤°‡≤ø‡≤≤‡≥ç‡≤≤ ‡≤Ü‡≤ó‡≥ç‡≤≤‡≥á dislike...........,Not_offensive
754,D  Boss,Not_offensive
755,Ajaneesh loknath love u man,Not_offensive
756,Supergie halliediera bro,not-Kannada
757,‡≤∞‡≤ï‡≥ç‡≤∑‡≤ø‡≤§‡≥ç ‡≤∂‡≥Ü‡≤ü‡≥ç‡≤ü‡≤ø ‡≤Ö‡≤≠‡≤ø‡≤Æ‡≤æ‡≤®‡≤ø‡≤ó‡≤≥‡≥Å ‡≤à ‡≤π‡≤æ‡≤°‡≤ø‡≤ó‡≥ä‡≤Ç‡≤¶‡≥Å ‡≤≤‡≥à‡≤ï‡≥ç ‡≤Æ‡≤æ‡≤°‡≤ø,Not_offensive
758,Superb guru god bless,Not_offensive
759,‡≤π‡≥å‡≤¶‡≥Å. ‡≤®‡≤æ‡≤µ‡≥Å ‡≤∏‡≤£‡≥ç‡≤£‡≤µ‡≤∞‡≤ø‡≤¶‡≥ç‡≤¶‡≤æ‡≤ó.‡≤ï‡≥Ü‡≤≥‡≤ø‡≤¶‡≥ç‡≤¶‡≤ø‡≤µ‡≤ø.‡≤∏‡≥Å‡≤™‡≤∞‡≥ç,Not_offensive
760,‡≤Ü‡≤≤‡≥ç ‡≤¶‡≤ø ‡≤¨‡≥Ü‡≤∏‡≥ç‡≤ü‡≥ç ‡≤´‡≥ç‡≤∞‡≤Æ‡≥ç ‡≤°‡≤ø ‡≤¨‡≤æ‡≤∏‡≥ç ‡≤´‡≥ç‡≤Ø‡≤æ‡≤®‡≥ç‡≤∏‡≥ç ‡≤ï‡≥ã‡≤≤‡≤æ‡≤∞‡≥ç,Not_offensive
761,Dynamic Prince is back n‡≤ï‡≤Ç‡≤ü‡≥Ü‡≤Ç‡≤ü‡≥ç ‡≤á‡≤∞‡≥ã ‡≤Æ‡≥Ç‡≤µ‡≤ø‡≤® ‡≤ï‡≤®‡≥ç‡≤®‡≤°‡≤ø‡≤ó‡≤∞‡≥Å ‡≤Ø‡≤æ‡≤µ‡≤§‡≥ç‡≤§‡≥Ç ‡≤ï‡≥à ‡≤¨‡≤ø‡≤ü‡≥ç‡≤ü‡≤ø‡≤≤‡≥ç‡≤≤,Not_offensive
762,‡≤Ö‡≤ö‡≥ç‡≤ö ‡≤ï‡≤®‡≥ç‡≤®‡≤°‡≤¶ ‡≤∏‡≤æ‡≤π‡≤ø‡≤§‡≥ç‡≤Ø ‡≤∏‡≥Ç‡≤™‡≤∞‡≥ç n‡≤ú‡≤Ø‡≥ç ‡≤ï‡≤∞‡≥ç‡≤®‡≤æ‡≤ü‡≤ï,Not_offensive
763,Super song,not-Kannada
764,Please upload Full movie original bgm,Not_offensive
765,‡≤¨‡≥Ü‡≤Ç‡≤ó‡≤≥‡≥Ç‡≤∞‡≤ø‡≤ó‡≥Ç ‡≤¨‡≤Ç‡≤¶‡≤ø‡≤¶‡≥ç‡≤¶‡≤∞‡≥Å ‡≤Ö‡≤∂‡≥ç‡≤µ‡≤§‡≥ç‡≤•‡≤æ‡≤Æ,Not_offensive
766,Superb dance step,Offensive_Targeted_Insult_Individual
767,Yar yar jasti nidde madthira nn,Not_offensive
768,Vishnu Dada fans like madi,Not_offensive
769,‡≤à‡≤ó ‡≤®‡≤ø‡≤ú‡≤µ‡≤æ‡≤¶ ‡≤®‡≤æ‡≤Ø‡≤ï PRAJWAL  ‡≤Ø‡≤æ‡≤∞‡≥ç‡≤Ø‡≤æ‡≤∞‡≥Å ‡≤ï‡≤æ‡≤Ø‡≥ç‡≤§‡≤æ ‡≤á‡≤¶‡≥ç‡≤¶‡≥Ä‡≤∞‡≤æ ‡≤í‡≤Ç‡≤¶‡≥Å ‡≤≤‡≥à‡≤ï ‡≤Æ‡≤æ‡≤°‡≤ø,Not_offensive
770,Appani huttida video guru super,Not_offensive
771,‡≤®‡≤®‡≤ó‡≥Å ‡≤ï‡≤®‡≥ç‡≤®‡≤° ‡≤∏‡≤æ‡≤ï‡≥Å,Not_offensive
772,Super movie ü§©,not-Kannada
773,Startup start maadalu capacity growth maadalu tips kodi . Ondu separate video maadi .pls,Not_offensive
774,Rashmika idanna nodi thi*a urkimbekuü§£ü§£ü§£ü§£ü§£,Offensive_Targeted_Insult_Individual
775,I love you sir,Not_offensive
776,‡≤®‡≥ã‡≤°‡≥ç‡≤§‡≤æ ‡≤π‡≥ã‡≤¶‡≥ç‡≤∞‡≥Ü ‡≤∏‡≤æ‡≤µ‡≤ø‡≤∞‡≤æ‡≤∞‡≥Å lyrical video ‡≤ó‡≤≥‡≥Å,Not_offensive
777,‡≤∏‡≤ñ‡≤§‡≥ç ‡≤ü‡≥ç‡≤∞‡≥ã‡≤≤‡≥ç ‡≤¨‡≥ç‡≤∞‡≤¶‡≤∞‡≥ç n‡≤¨‡≥ç‡≤∞‡≥Ü‡≥Ç ‡≤à ‡≤ó‡≥á‡≤Æ‡≥ç ‡≤®‡≥á‡≤Æ‡≥ç ‡≤π‡≥á‡≤≥‡≤ø,Not_offensive
